alias,ns,family_id,relation,detail,source,first_seen,reviewed_by
ttf-material-symbols-variable-git,arch-pkg,,ineligible,icon,hand,2026-09-26,owner:2026-09-26
Glow Sans,font-name,,ineligible,cjk,hand,2026-09-26,owner:2026-09-26
LXGW ZhenKai,font-name,,ineligible,cjk,hand,2026-09-26,owner:2026-09-26
Material Icons,font-name,,ineligible,icon,hand,2026-09-26,owner:2026-09-26
Material Icons Outlined,font-name,,ineligible,icon,hand,2026-09-26,owner:2026-09-26
Material Icons Round,font-name,,ineligible,icon,hand,2026-09-26,owner:2026-09-26
Material Icons Rounded,font-name,,ineligible,icon,hand,2026-09-26,owner:2026-09-26
Material Icons Sharp,font-name,,ineligible,icon,hand,2026-09-26,owner:2026-09-26
Material Icons Two Tone,font-name,,ineligible,icon,hand,2026-09-26,owner:2026-09-26
Material Symbols,font-name,,ineligible,icon,hand,2026-09-26,owner:2026-09-26
Material Symbols Outlined,font-name,,ineligible,icon,hand,2026-09-26,owner:2026-09-26
Material Symbols Rounded,font-name,,ineligible,icon,hand,2026-09-26,owner:2026-09-26
Material Symbols Sharp,font-name,,ineligible,icon,hand,2026-09-26,owner:2026-09-26
material-icons-rounded,fs-id,,ineligible,icon,hand,2026-09-26,owner:2026-09-26
@expo-google-fonts/material-symbols,npm,,ineligible,icon,hand,2026-09-26,owner:2026-09-26
@expo-google-fonts/material-symbols-outlined,npm,,ineligible,icon,hand,2026-09-26,owner:2026-09-26
@expo-google-fonts/material-symbols-rounded,npm,,ineligible,icon,hand,2026-09-26,owner:2026-09-26
@fontsource/material-icons-rounded,npm,,ineligible,icon,hand,2026-09-26,owner:2026-09-26
0xProto Nerd Font,font-name,0xproto,build,nerd,nerd,2026-09-26,auto:nerd_unpatched
0xProto Nerd Font Mono,font-name,0xproto,build,nfm,nerd,2026-09-26,auto:nerd_unpatched
0xProto Nerd Font Propo,font-name,0xproto,build,propo,nerd,2026-09-26,auto:nerd_unpatched
0xProto NF,font-name,0xproto,build,nf,nerd,2026-09-26,auto:nerd_unpatched
0xProto NFM,font-name,0xproto,build,nfm,nerd,2026-09-26,auto:nerd_unpatched
0xProto NFP,font-name,0xproto,build,nfp,nerd,2026-09-26,auto:nerd_unpatched
0xType/0xProto/0xProto.zip,gh-asset,0xproto,package,,github_repos,2026-09-26,owner:2026-09-26
0xType/0xProto/0xProto-Regular.otf,gh-asset,0xproto,package,,github_repos,2026-09-26,owner:2026-09-26
0xType/0xProto/0xProto-Regular.ttf,gh-asset,0xproto,package,,github_repos,2026-09-26,owner:2026-09-26
0xType/0xProto/0xProto-Regular.woff2,gh-asset,0xproto,package,,github_repos,2026-09-26,owner:2026-09-26
AdwaitaMono Nerd Font,font-name,adwaita-mono,build,nerd,nerd,2026-09-26,auto:nerd_unpatched
AdwaitaMono Nerd Font Mono,font-name,adwaita-mono,build,nfm,nerd,2026-09-26,auto:nerd_unpatched
AdwaitaMono Nerd Font Propo,font-name,adwaita-mono,build,propo,nerd,2026-09-26,auto:nerd_unpatched
AdwaitaMono NF,font-name,adwaita-mono,build,nf,nerd,2026-09-26,auto:nerd_unpatched
AdwaitaMono NFM,font-name,adwaita-mono,build,nfm,nerd,2026-09-26,auto:nerd_unpatched
AdwaitaMono NFP,font-name,adwaita-mono,build,nfp,nerd,2026-09-26,auto:nerd_unpatched
Agave Nerd Font,font-name,agave,build,nerd,nerd,2026-09-26,auto:nerd_unpatched
Agave Nerd Font Mono,font-name,agave,build,nfm,nerd,2026-09-26,auto:nerd_unpatched
Agave Nerd Font Propo,font-name,agave,build,propo,nerd,2026-09-26,auto:nerd_unpatched
Agave NF,font-name,agave,build,nf,nerd,2026-09-26,auto:nerd_unpatched
Agave NFM,font-name,agave,build,nfm,nerd,2026-09-26,auto:nerd_unpatched
Agave NFP,font-name,agave,build,nfp,nerd,2026-09-26,auto:nerd_unpatched
blobject/agave/agave.tar.gz,gh-asset,agave,package,,github_repos,2026-09-26,owner:2026-09-26
blobject/agave/Agave-Bold.ttf,gh-asset,agave,package,,github_repos,2026-09-26,owner:2026-09-26
blobject/agave/Agave-Bold-parenbulged.ttf,gh-asset,agave,package,,github_repos,2026-09-26,owner:2026-09-26
blobject/agave/Agave-Bold-slashed.ttf,gh-asset,agave,package,,github_repos,2026-09-26,owner:2026-09-26
blobject/agave/Agave-Bold-zeroslashed.ttf,gh-asset,agave,package,,github_repos,2026-09-26,owner:2026-09-26
blobject/agave/Agave-Bold-zeroslashed-parenbulged.ttf,gh-asset,agave,package,,github_repos,2026-09-26,owner:2026-09-26
blobject/agave/agave-r.ttf,gh-asset,agave,package,,github_repos,2026-09-26,owner:2026-09-26
blobject/agave/Agave-Regular.ttf,gh-asset,agave,package,,github_repos,2026-09-26,owner:2026-09-26
blobject/agave/Agave-Regular-parenbulged.ttf,gh-asset,agave,package,,github_repos,2026-09-26,owner:2026-09-26
blobject/agave/Agave-Regular-slashed.ttf,gh-asset,agave,package,,github_repos,2026-09-26,owner:2026-09-26
blobject/agave/Agave-Regular-zeroslashed.ttf,gh-asset,agave,package,,github_repos,2026-09-26,owner:2026-09-26
blobject/agave/Agave-Regular-zeroslashed-parenbulged.ttf,gh-asset,agave,package,,github_repos,2026-09-26,owner:2026-09-26
blobject/agave/agave-r-just.ttf,gh-asset,agave,package,,github_repos,2026-09-26,owner:2026-09-26
amiriqurancolored,gf-dir,amiri-quran,rename,,gf_history,2026-09-26,auto:gf_history_rename
Amiri Quran Colored,gf-family,amiri-quran,rename,,gf_history,2026-09-26,auto:gf_history_rename
AnnotationM,font-name,annotation-mono,build,nerd,nerd,2026-09-26,auto:nerd_unpatched
AnnotationM Nerd Font,font-name,annotation-mono,build,nerd,nerd,2026-09-26,auto:nerd_unpatched
AnnotationM Nerd Font Mono,font-name,annotation-mono,build,nfm,nerd,2026-09-26,auto:nerd_unpatched
AnnotationM Nerd Font Propo,font-name,annotation-mono,build,propo,nerd,2026-09-26,auto:nerd_unpatched
AnnotationM NF,font-name,annotation-mono,build,nf,nerd,2026-09-26,auto:nerd_unpatched
AnnotationM NFM,font-name,annotation-mono,build,nfm,nerd,2026-09-26,auto:nerd_unpatched
AnnotationM NFP,font-name,annotation-mono,build,nfp,nerd,2026-09-26,auto:nerd_unpatched
AnonymicePro,font-name,anonymous-pro,build,nerd,nerd,2026-09-26,auto:nerd_unpatched
AnonymicePro Nerd Font,font-name,anonymous-pro,build,nerd,nerd,2026-09-26,auto:nerd_unpatched
AnonymicePro Nerd Font Mono,font-name,anonymous-pro,build,nfm,nerd,2026-09-26,auto:nerd_unpatched
AnonymicePro Nerd Font Propo,font-name,anonymous-pro,build,propo,nerd,2026-09-26,auto:nerd_unpatched
AnonymicePro NF,font-name,anonymous-pro,build,nf,nerd,2026-09-26,auto:nerd_unpatched
AnonymicePro NFM,font-name,anonymous-pro,build,nfm,nerd,2026-09-26,auto:nerd_unpatched
AnonymicePro NFP,font-name,anonymous-pro,build,nfp,nerd,2026-09-26,auto:nerd_unpatched
Aptos Display,font-name,aptos,distinct,rejected,name_tables,2026-09-26,owner:2026-09-26
Arimo Nerd Font,font-name,arimo,build,nerd,nerd,2026-09-26,auto:nerd_unpatched
Arimo Nerd Font Mono,font-name,arimo,build,nfm,nerd,2026-09-26,auto:nerd_unpatched
Arimo Nerd Font Propo,font-name,arimo,build,propo,nerd,2026-09-26,auto:nerd_unpatched
Arimo NF,font-name,arimo,build,nf,nerd,2026-09-26,auto:nerd_unpatched
Arimo NFM,font-name,arimo,build,nfm,nerd,2026-09-26,auto:nerd_unpatched
Arimo NFP,font-name,arimo,build,nfp,nerd,2026-09-26,auto:nerd_unpatched
42dot Sans,gf-family,asta-sans,rename,,gf_history,2026-09-26,owner:2026-09-26
AtkynsonMono,font-name,atkinson-hyperlegible-mono,build,nerd,nerd,2026-09-26,auto:nerd_unpatched
AtkynsonMono Nerd Font,font-name,atkinson-hyperlegible-mono,build,nerd,nerd,2026-09-26,auto:nerd_unpatched
AtkynsonMono Nerd Font Mono,font-name,atkinson-hyperlegible-mono,build,nfm,nerd,2026-09-26,auto:nerd_unpatched
AtkynsonMono Nerd Font Propo,font-name,atkinson-hyperlegible-mono,build,propo,nerd,2026-09-26,auto:nerd_unpatched
AtkynsonMono NF,font-name,atkinson-hyperlegible-mono,build,nf,nerd,2026-09-26,auto:nerd_unpatched
AtkynsonMono NFM,font-name,atkinson-hyperlegible-mono,build,nfm,nerd,2026-09-26,auto:nerd_unpatched
AtkynsonMono NFP,font-name,atkinson-hyperlegible-mono,build,nfp,nerd,2026-09-26,auto:nerd_unpatched
AurulentSansM,font-name,aurulent-sans-mono,build,nerd,nerd,2026-09-26,auto:nerd_unpatched
AurulentSansM Nerd Font,font-name,aurulent-sans-mono,build,nerd,nerd,2026-09-26,auto:nerd_unpatched
AurulentSansM Nerd Font Mono,font-name,aurulent-sans-mono,build,nfm,nerd,2026-09-26,auto:nerd_unpatched
AurulentSansM Nerd Font Propo,font-name,aurulent-sans-mono,build,propo,nerd,2026-09-26,auto:nerd_unpatched
AurulentSansM NF,font-name,aurulent-sans-mono,build,nf,nerd,2026-09-26,auto:nerd_unpatched
AurulentSansM NFM,font-name,aurulent-sans-mono,build,nfm,nerd,2026-09-26,auto:nerd_unpatched
AurulentSansM NFP,font-name,aurulent-sans-mono,build,nfp,nerd,2026-09-26,auto:nerd_unpatched
azeret,gf-dir,azeret-mono,rename,,gf_history,2026-09-26,auto:gf_history_rename
@fontsource/bbh-sans-bartle,npm,bbh-bartle,package,,fontsource_legacy,2026-09-26,owner:2026-09-26
font-bbh-sans-bartle,brew-cask,bbh-bartle,rename,https://github.com/google/fonts/commit/8b81217e56b08597989bfbd1029db1dd11266885,hand,2026-09-26,owner:2026-09-26
bbh-sans-bartle,fs-id,bbh-bartle,rename,,fontsource_legacy,2026-09-26,owner:2026-09-26
bbhsansbartle,gf-dir,bbh-bartle,rename,,gf_history,2026-09-26,auto:gf_history_rename
BBH Sans Bartle,gf-family,bbh-bartle,rename,,gf_history,2026-09-26,owner:2026-09-26
@fontsource/bbh-sans-bogle,npm,bbh-bogle,package,,fontsource_legacy,2026-09-26,owner:2026-09-26
font-bbh-sans-bogle,brew-cask,bbh-bogle,rename,https://github.com/google/fonts/commit/9373da8165f91709ccaf5ba7d5862f97dea155c1,hand,2026-09-26,owner:2026-09-26
bbh-sans-bogle,fs-id,bbh-bogle,rename,,fontsource_legacy,2026-09-26,owner:2026-09-26
bbhsansbogle,gf-dir,bbh-bogle,rename,,gf_history,2026-09-26,auto:gf_history_rename
BBH Sans Bogle,gf-family,bbh-bogle,rename,,gf_history,2026-09-26,owner:2026-09-26
@fontsource/bbh-sans-hegarty,npm,bbh-hegarty,package,,fontsource_legacy,2026-09-26,owner:2026-09-26
font-bbh-sans-hegarty,brew-cask,bbh-hegarty,rename,https://github.com/google/fonts/commit/152d80b0c60c7f8dfc132cb6955540533601fd7a,hand,2026-09-26,owner:2026-09-26
bbh-sans-hegarty,fs-id,bbh-hegarty,rename,,fontsource_legacy,2026-09-26,owner:2026-09-26
bbhsanshegarty,gf-dir,bbh-hegarty,rename,,gf_history,2026-09-26,auto:gf_history_rename
BBH Sans Hegarty,gf-family,bbh-hegarty,rename,,gf_history,2026-09-26,owner:2026-09-26
BigBlueTerm,font-name,bigblue-terminal,build,nerd,nerd,2026-09-26,auto:nerd_unpatched
BigBlueTerm Nerd Font,font-name,bigblue-terminal,build,nerd,nerd,2026-09-26,auto:nerd_unpatched
BigBlueTerm Nerd Font Mono,font-name,bigblue-terminal,build,nfm,nerd,2026-09-26,auto:nerd_unpatched
BigBlueTerm Nerd Font Propo,font-name,bigblue-terminal,build,propo,nerd,2026-09-26,auto:nerd_unpatched
BigBlueTerm NF,font-name,bigblue-terminal,build,nf,nerd,2026-09-26,auto:nerd_unpatched
BigBlueTerm NFM,font-name,bigblue-terminal,build,nfm,nerd,2026-09-26,auto:nerd_unpatched
BigBlueTerm NFP,font-name,bigblue-terminal,build,nfp,nerd,2026-09-26,auto:nerd_unpatched
BitstromWera,font-name,bitstream-vera-sans-mono,build,nerd,nerd,2026-09-26,auto:nerd_unpatched
BitstromWera Nerd Font,font-name,bitstream-vera-sans-mono,build,nerd,nerd,2026-09-26,auto:nerd_unpatched
BitstromWera Nerd Font Mono,font-name,bitstream-vera-sans-mono,build,nfm,nerd,2026-09-26,auto:nerd_unpatched
BitstromWera Nerd Font Propo,font-name,bitstream-vera-sans-mono,build,propo,nerd,2026-09-26,auto:nerd_unpatched
BitstromWera NF,font-name,bitstream-vera-sans-mono,build,nf,nerd,2026-09-26,auto:nerd_unpatched
BitstromWera NFM,font-name,bitstream-vera-sans-mono,build,nfm,nerd,2026-09-26,auto:nerd_unpatched
BitstromWera NFP,font-name,bitstream-vera-sans-mono,build,nfp,nerd,2026-09-26,auto:nerd_unpatched
calcom/sans/CalSans_Semibold.zip,gh-asset,cal-sans,package,,github_repos,2026-09-26,owner:2026-09-26
calcom/sans/calsans-static-essentials.zip,gh-asset,cal-sans,package,,github_repos,2026-09-26,owner:2026-09-26
calcom/sans/calsans-static-full.zip,gh-asset,cal-sans,package,,github_repos,2026-09-26,owner:2026-09-26
calcom/sans/CalSansVF.ttf,gh-asset,cal-sans,package,,github_repos,2026-09-26,owner:2026-09-26
calcom/sans/CalSansVF.woff2,gh-asset,cal-sans,package,,github_repos,2026-09-26,owner:2026-09-26
ttf-cascadia-code-nerd,arch-pkg,cascadia-code,build,nerd,distro+oldlib,2026-09-26,owner:2026-09-26
font-cascadia-code-nf,brew-cask,cascadia-code,build,nf,hand,2026-09-26,owner:2026-09-26
font-cascadia-code-pl,brew-cask,cascadia-code,build,powerline,hand,2026-09-26,owner:2026-09-26
CaskaydiaCove,font-name,cascadia-code,build,nerd,nerd,2026-09-26,auto:nerd_unpatched
CaskaydiaCove Nerd Font,font-name,cascadia-code,build,nerd,nerd,2026-09-26,auto:nerd_unpatched
CaskaydiaCove Nerd Font Mono,font-name,cascadia-code,build,nfm,nerd,2026-09-26,auto:nerd_unpatched
CaskaydiaCove Nerd Font Propo,font-name,cascadia-code,build,propo,nerd,2026-09-26,auto:nerd_unpatched
CaskaydiaCove NF,font-name,cascadia-code,build,nf,nerd,2026-09-26,auto:nerd_unpatched
CaskaydiaCove NFM,font-name,cascadia-code,build,nfm,nerd,2026-09-26,auto:nerd_unpatched
CaskaydiaCove NFP,font-name,cascadia-code,build,nfp,nerd,2026-09-26,auto:nerd_unpatched
microsoft/cascadia-code/CascadiaPL.ttf,gh-asset,cascadia-code,build,powerline,github_repos,2026-09-26,owner:2026-09-26
microsoft/cascadia-code/CascadiaCode.zip,gh-asset,cascadia-code,bundle,,github_repos,2026-09-26,owner:2026-09-26
ttf-cascadia-mono-nerd,arch-pkg,cascadia-code,distinct,rejected,oldlib,2026-09-26,owner:2026-09-26
CascadiaMono,nerd-folder,cascadia-code,distinct,rejected,oldlib,2026-09-26,owner:2026-09-26
microsoft/cascadia-code/Cascadia.ttf,gh-asset,cascadia-code,package,,github_repos,2026-09-26,owner:2026-09-26
ttf-cascadia-mono-nerd,arch-pkg,cascadia-mono,build,nerd,distro,2026-09-26,owner:2026-09-26
font-cascadia-mono-nf,brew-cask,cascadia-mono,build,nf,hand,2026-09-26,owner:2026-09-26
font-cascadia-mono-pl,brew-cask,cascadia-mono,build,powerline,hand,2026-09-26,owner:2026-09-26
CaskaydiaMono,font-name,cascadia-mono,build,nerd,nerd,2026-09-26,auto:nerd_unpatched
CaskaydiaMono Nerd Font,font-name,cascadia-mono,build,nerd,nerd,2026-09-26,auto:nerd_unpatched
CaskaydiaMono Nerd Font Mono,font-name,cascadia-mono,build,nfm,nerd,2026-09-26,auto:nerd_unpatched
CaskaydiaMono Nerd Font Propo,font-name,cascadia-mono,build,propo,nerd,2026-09-26,auto:nerd_unpatched
CaskaydiaMono NF,font-name,cascadia-mono,build,nf,nerd,2026-09-26,auto:nerd_unpatched
CaskaydiaMono NFM,font-name,cascadia-mono,build,nfm,nerd,2026-09-26,auto:nerd_unpatched
CaskaydiaMono NFP,font-name,cascadia-mono,build,nfp,nerd,2026-09-26,auto:nerd_unpatched
microsoft/cascadia-code/CascadiaMonoPL.ttf,gh-asset,cascadia-mono,build,powerline,github_repos,2026-09-26,owner:2026-09-26
microsoft/cascadia-code/CascadiaCode.zip,gh-asset,cascadia-mono,bundle,,github_repos,2026-09-26,owner:2026-09-26
microsoft/cascadia-code/CascadiaMono.ttf,gh-asset,cascadia-mono,package,,github_repos,2026-09-26,owner:2026-09-26
CodeNewRoman Nerd Font,font-name,code-new-roman,build,nerd,nerd,2026-09-26,auto:nerd_unpatched
CodeNewRoman Nerd Font Mono,font-name,code-new-roman,build,nfm,nerd,2026-09-26,auto:nerd_unpatched
CodeNewRoman Nerd Font Propo,font-name,code-new-roman,build,propo,nerd,2026-09-26,auto:nerd_unpatched
CodeNewRoman NF,font-name,code-new-roman,build,nf,nerd,2026-09-26,auto:nerd_unpatched
CodeNewRoman NFM,font-name,code-new-roman,build,nfm,nerd,2026-09-26,auto:nerd_unpatched
CodeNewRoman NFP,font-name,code-new-roman,build,nfp,nerd,2026-09-26,auto:nerd_unpatched
crozynski/comicneue/comicneue-master.zip,gh-asset,comic-neue,package,,github_repos,2026-09-26,owner:2026-09-26
ComicShannsMono Nerd Font,font-name,comic-shanns-mono,build,nerd,nerd,2026-09-26,auto:nerd_unpatched
ComicShannsMono Nerd Font Mono,font-name,comic-shanns-mono,build,nfm,nerd,2026-09-26,auto:nerd_unpatched
ComicShannsMono Nerd Font Propo,font-name,comic-shanns-mono,build,propo,nerd,2026-09-26,auto:nerd_unpatched
ComicShannsMono NF,font-name,comic-shanns-mono,build,nf,nerd,2026-09-26,auto:nerd_unpatched
ComicShannsMono NFM,font-name,comic-shanns-mono,build,nfm,nerd,2026-09-26,auto:nerd_unpatched
ComicShannsMono NFP,font-name,comic-shanns-mono,build,nfp,nerd,2026-09-26,auto:nerd_unpatched
CommitMono Nerd Font,font-name,commit-mono,build,nerd,nerd,2026-09-26,auto:nerd_unpatched
CommitMono Nerd Font Mono,font-name,commit-mono,build,nfm,nerd,2026-09-26,auto:nerd_unpatched
CommitMono Nerd Font Propo,font-name,commit-mono,build,propo,nerd,2026-09-26,auto:nerd_unpatched
CommitMono NF,font-name,commit-mono,build,nf,nerd,2026-09-26,auto:nerd_unpatched
CommitMono NFM,font-name,commit-mono,build,nfm,nerd,2026-09-26,auto:nerd_unpatched
CommitMono NFP,font-name,commit-mono,build,nfp,nerd,2026-09-26,auto:nerd_unpatched
eigilnikolajsen/commit-mono/CommitMono.zip,gh-asset,commit-mono,package,,github_repos,2026-09-26,owner:2026-09-26
Cousine Nerd Font,font-name,cousine,build,nerd,nerd,2026-09-26,auto:nerd_unpatched
Cousine Nerd Font Mono,font-name,cousine,build,nfm,nerd,2026-09-26,auto:nerd_unpatched
Cousine Nerd Font Propo,font-name,cousine,build,propo,nerd,2026-09-26,auto:nerd_unpatched
Cousine NF,font-name,cousine,build,nf,nerd,2026-09-26,auto:nerd_unpatched
Cousine NFM,font-name,cousine,build,nfm,nerd,2026-09-26,auto:nerd_unpatched
Cousine NFP,font-name,cousine,build,nfp,nerd,2026-09-26,auto:nerd_unpatched
the-moonwitch/Cozette/cozette.bdf,gh-asset,cozette,package,,github_repos,2026-09-26,owner:2026-09-26
the-moonwitch/Cozette/cozette.dfont,gh-asset,cozette,package,,github_repos,2026-09-26,owner:2026-09-26
the-moonwitch/Cozette/cozette.fnt,gh-asset,cozette,package,,github_repos,2026-09-26,owner:2026-09-26
the-moonwitch/Cozette/cozette.otb,gh-asset,cozette,package,,github_repos,2026-09-26,owner:2026-09-26
the-moonwitch/Cozette/cozette.psf,gh-asset,cozette,package,,github_repos,2026-09-26,owner:2026-09-26
the-moonwitch/Cozette/cozette.ttf,gh-asset,cozette,package,,github_repos,2026-09-26,owner:2026-09-26
the-moonwitch/Cozette/cozette-10.bdf,gh-asset,cozette,package,,github_repos,2026-09-26,owner:2026-09-26
the-moonwitch/Cozette/cozette-10.fnt,gh-asset,cozette,package,,github_repos,2026-09-26,owner:2026-09-26
the-moonwitch/Cozette/cozette_bitmap.dfont,gh-asset,cozette,package,,github_repos,2026-09-26,owner:2026-09-26
the-moonwitch/Cozette/cozette_bitmap.ttf,gh-asset,cozette,package,,github_repos,2026-09-26,owner:2026-09-26
the-moonwitch/Cozette/cozettecrossedseven.bdf,gh-asset,cozette,package,,github_repos,2026-09-26,owner:2026-09-26
the-moonwitch/Cozette/cozettecrossedseven.dfont,gh-asset,cozette,package,,github_repos,2026-09-26,owner:2026-09-26
the-moonwitch/Cozette/cozettecrossedseven.fnt,gh-asset,cozette,package,,github_repos,2026-09-26,owner:2026-09-26
the-moonwitch/Cozette/cozettecrossedseven.otb,gh-asset,cozette,package,,github_repos,2026-09-26,owner:2026-09-26
the-moonwitch/Cozette/cozettecrossedseven.psf,gh-asset,cozette,package,,github_repos,2026-09-26,owner:2026-09-26
the-moonwitch/Cozette/cozettecrossedseven_hidpi.bdf,gh-asset,cozette,package,,github_repos,2026-09-26,owner:2026-09-26
the-moonwitch/Cozette/cozettecrossedseven_hidpi.dfont,gh-asset,cozette,package,,github_repos,2026-09-26,owner:2026-09-26
the-moonwitch/Cozette/cozettecrossedseven_hidpi.fnt,gh-asset,cozette,package,,github_repos,2026-09-26,owner:2026-09-26
the-moonwitch/Cozette/cozettecrossedseven_hidpi.otb,gh-asset,cozette,package,,github_repos,2026-09-26,owner:2026-09-26
the-moonwitch/Cozette/cozettecrossedseven_hidpi.psf,gh-asset,cozette,package,,github_repos,2026-09-26,owner:2026-09-26
the-moonwitch/Cozette/CozetteCrossedSevenVector.dfont,gh-asset,cozette,package,,github_repos,2026-09-26,owner:2026-09-26
the-moonwitch/Cozette/CozetteCrossedSevenVector.otf,gh-asset,cozette,package,,github_repos,2026-09-26,owner:2026-09-26
the-moonwitch/Cozette/CozetteCrossedSevenVector.ttf,gh-asset,cozette,package,,github_repos,2026-09-26,owner:2026-09-26
the-moonwitch/Cozette/CozetteCrossedSevenVector.woff,gh-asset,cozette,package,,github_repos,2026-09-26,owner:2026-09-26
the-moonwitch/Cozette/CozetteCrossedSevenVector.woff2,gh-asset,cozette,package,,github_repos,2026-09-26,owner:2026-09-26
the-moonwitch/Cozette/CozetteCrossedSevenVectorBold.dfont,gh-asset,cozette,package,,github_repos,2026-09-26,owner:2026-09-26
the-moonwitch/Cozette/CozetteCrossedSevenVectorBold.otf,gh-asset,cozette,package,,github_repos,2026-09-26,owner:2026-09-26
the-moonwitch/Cozette/CozetteCrossedSevenVectorBold.ttf,gh-asset,cozette,package,,github_repos,2026-09-26,owner:2026-09-26
the-moonwitch/Cozette/CozetteCrossedSevenVectorBold.woff,gh-asset,cozette,package,,github_repos,2026-09-26,owner:2026-09-26
the-moonwitch/Cozette/CozetteCrossedSevenVectorBold.woff2,gh-asset,cozette,package,,github_repos,2026-09-26,owner:2026-09-26
the-moonwitch/Cozette/CozetteFonts.zip,gh-asset,cozette,package,,github_repos,2026-09-26,owner:2026-09-26
the-moonwitch/Cozette/CozetteFonts-woff.zip,gh-asset,cozette,package,,github_repos,2026-09-26,owner:2026-09-26
the-moonwitch/Cozette/cozette_hidpi.bdf,gh-asset,cozette,package,,github_repos,2026-09-26,owner:2026-09-26
the-moonwitch/Cozette/cozette_hidpi.dfont,gh-asset,cozette,package,,github_repos,2026-09-26,owner:2026-09-26
the-moonwitch/Cozette/cozette_hidpi.fnt,gh-asset,cozette,package,,github_repos,2026-09-26,owner:2026-09-26
the-moonwitch/Cozette/cozette_hidpi.otb,gh-asset,cozette,package,,github_repos,2026-09-26,owner:2026-09-26
the-moonwitch/Cozette/cozette_hidpi.psf,gh-asset,cozette,package,,github_repos,2026-09-26,owner:2026-09-26
the-moonwitch/Cozette/CozetteVector.dfont,gh-asset,cozette,package,,github_repos,2026-09-26,owner:2026-09-26
the-moonwitch/Cozette/CozetteVector.otf,gh-asset,cozette,package,,github_repos,2026-09-26,owner:2026-09-26
the-moonwitch/Cozette/CozetteVector.otf.dfont,gh-asset,cozette,package,,github_repos,2026-09-26,owner:2026-09-26
the-moonwitch/Cozette/CozetteVector.ttf,gh-asset,cozette,package,,github_repos,2026-09-26,owner:2026-09-26
the-moonwitch/Cozette/CozetteVector.woff,gh-asset,cozette,package,,github_repos,2026-09-26,owner:2026-09-26
the-moonwitch/Cozette/CozetteVector.woff2,gh-asset,cozette,package,,github_repos,2026-09-26,owner:2026-09-26
the-moonwitch/Cozette/CozetteVectorBold.dfont,gh-asset,cozette,package,,github_repos,2026-09-26,owner:2026-09-26
the-moonwitch/Cozette/CozetteVectorBold.otf,gh-asset,cozette,package,,github_repos,2026-09-26,owner:2026-09-26
the-moonwitch/Cozette/CozetteVectorBold.ttf,gh-asset,cozette,package,,github_repos,2026-09-26,owner:2026-09-26
the-moonwitch/Cozette/CozetteVectorBold.woff,gh-asset,cozette,package,,github_repos,2026-09-26,owner:2026-09-26
the-moonwitch/Cozette/CozetteVectorBold.woff2,gh-asset,cozette,package,,github_repos,2026-09-26,owner:2026-09-26
D2KodingLigature,font-name,d2coding,build,nerd,nerd,2026-09-26,auto:nerd_unpatched
D2KodingLigature Nerd Font,font-name,d2coding,build,nerd,nerd,2026-09-26,auto:nerd_unpatched
D2KodingLigature Nerd Font Mono,font-name,d2coding,build,nfm,nerd,2026-09-26,auto:nerd_unpatched
D2KodingLigature Nerd Font Propo,font-name,d2coding,build,propo,nerd,2026-09-26,auto:nerd_unpatched
D2KodingLigature NF,font-name,d2coding,build,nf,nerd,2026-09-26,auto:nerd_unpatched
D2KodingLigature NFM,font-name,d2coding,build,nfm,nerd,2026-09-26,auto:nerd_unpatched
D2KodingLigature NFP,font-name,d2coding,build,nfp,nerd,2026-09-26,auto:nerd_unpatched
DaddyTimeMono Nerd Font,font-name,daddytimemono,build,nerd,nerd,2026-09-26,auto:nerd_unpatched
DaddyTimeMono Nerd Font Mono,font-name,daddytimemono,build,nfm,nerd,2026-09-26,auto:nerd_unpatched
DaddyTimeMono Nerd Font Propo,font-name,daddytimemono,build,propo,nerd,2026-09-26,auto:nerd_unpatched
DaddyTimeMono NF,font-name,daddytimemono,build,nf,nerd,2026-09-26,auto:nerd_unpatched
DaddyTimeMono NFM,font-name,daddytimemono,build,nfm,nerd,2026-09-26,auto:nerd_unpatched
DaddyTimeMono NFP,font-name,daddytimemono,build,nfp,nerd,2026-09-26,auto:nerd_unpatched
ttf-dejavu-nerd,arch-pkg,dejavu,distinct,rejected,distro,2026-09-26,owner:2026-09-26
ttf-dejavu,arch-pkg,dejavu-math-tex-gyre,bundle,4,hand,2026-09-26,owner:2026-09-26
font-dejavu,brew-cask,dejavu-math-tex-gyre,bundle,4,hand,2026-09-26,owner:2026-09-26
fonts-dejavu,deb-pkg,dejavu-math-tex-gyre,bundle,4,hand,2026-09-26,owner:2026-09-26
fonts-dejavu-extra,deb-pkg,dejavu-math-tex-gyre,bundle,3,hand,2026-09-26,owner:2026-09-26
fonts-dejavu,deb-src,dejavu-math-tex-gyre,bundle,4,hand,2026-09-26,owner:2026-09-26
dejavu-fonts/dejavu-fonts/dejavu-fonts-ttf.tar.bz2,gh-asset,dejavu-math-tex-gyre,bundle,,github_repos,2026-09-26,owner:2026-09-26
dejavu-fonts/dejavu-fonts/dejavu-fonts-ttf.zip,gh-asset,dejavu-math-tex-gyre,bundle,,github_repos,2026-09-26,owner:2026-09-26
fonts-dejavu-mono,deb-pkg,dejavu-mono,distinct,rejected,distro,2026-09-26,owner:2026-09-26
DejaVu Sans Condensed,font-name,dejavu-sans,build,static,name_tables,2026-09-26,owner:2026-09-26
ttf-dejavu,arch-pkg,dejavu-sans,bundle,4,hand,2026-09-26,owner:2026-09-26
font-dejavu,brew-cask,dejavu-sans,bundle,4,hand,2026-09-26,owner:2026-09-26
fonts-dejavu,deb-pkg,dejavu-sans,bundle,4,hand,2026-09-26,owner:2026-09-26
fonts-dejavu-core,deb-pkg,dejavu-sans,bundle,3,hand,2026-09-26,owner:2026-09-26
fonts-dejavu-extra,deb-pkg,dejavu-sans,bundle,3,hand,2026-09-26,owner:2026-09-26
fonts-dejavu-web,deb-pkg,dejavu-sans,bundle,2,hand,2026-09-26,owner:2026-09-26
fonts-dejavu,deb-src,dejavu-sans,bundle,4,hand,2026-09-26,owner:2026-09-26
dejavu-fonts/dejavu-fonts/dejavu-fonts-ttf.tar.bz2,gh-asset,dejavu-sans,bundle,,github_repos,2026-09-26,owner:2026-09-26
dejavu-fonts/dejavu-fonts/dejavu-fonts-ttf.zip,gh-asset,dejavu-sans,bundle,,github_repos,2026-09-26,owner:2026-09-26
dejavu-fonts/dejavu-fonts/dejavu-lgc-fonts-ttf.tar.bz2,gh-asset,dejavu-sans,bundle,lgc,github_repos,2026-09-26,owner:2026-09-26
dejavu-fonts/dejavu-fonts/dejavu-lgc-fonts-ttf.zip,gh-asset,dejavu-sans,bundle,lgc,github_repos,2026-09-26,owner:2026-09-26
dejavu-fonts/dejavu-fonts/dejavu-sans-ttf.zip,gh-asset,dejavu-sans,package,,github_repos,2026-09-26,owner:2026-09-26
nerd-fonts-dejavu-complete,arch-pkg,dejavu-sans-mono,build,nerd,hand,2026-09-26,owner:2026-09-26
ttf-dejavu-nerd,arch-pkg,dejavu-sans-mono,build,nerd,oldlib,2026-09-26,owner:2026-09-26
DejaVuSansM,font-name,dejavu-sans-mono,build,nerd,nerd,2026-09-26,auto:nerd_unpatched
DejaVuSansM Nerd Font,font-name,dejavu-sans-mono,build,nerd,nerd,2026-09-26,auto:nerd_unpatched
DejaVuSansM Nerd Font Mono,font-name,dejavu-sans-mono,build,nfm,nerd,2026-09-26,auto:nerd_unpatched
DejaVuSansM Nerd Font Propo,font-name,dejavu-sans-mono,build,propo,nerd,2026-09-26,auto:nerd_unpatched
DejaVuSansM NF,font-name,dejavu-sans-mono,build,nf,nerd,2026-09-26,auto:nerd_unpatched
DejaVuSansM NFM,font-name,dejavu-sans-mono,build,nfm,nerd,2026-09-26,auto:nerd_unpatched
DejaVuSansM NFP,font-name,dejavu-sans-mono,build,nfp,nerd,2026-09-26,auto:nerd_unpatched
ttf-dejavu,arch-pkg,dejavu-sans-mono,bundle,4,hand,2026-09-26,owner:2026-09-26
font-dejavu,brew-cask,dejavu-sans-mono,bundle,4,hand,2026-09-26,owner:2026-09-26
fonts-dejavu,deb-pkg,dejavu-sans-mono,bundle,4,hand,2026-09-26,owner:2026-09-26
fonts-dejavu-core,deb-pkg,dejavu-sans-mono,bundle,3,hand,2026-09-26,owner:2026-09-26
fonts-dejavu,deb-src,dejavu-sans-mono,bundle,4,hand,2026-09-26,owner:2026-09-26
dejavu-fonts/dejavu-fonts/dejavu-fonts-ttf.tar.bz2,gh-asset,dejavu-sans-mono,bundle,,github_repos,2026-09-26,owner:2026-09-26
dejavu-fonts/dejavu-fonts/dejavu-fonts-ttf.zip,gh-asset,dejavu-sans-mono,bundle,,github_repos,2026-09-26,owner:2026-09-26
dejavu-fonts/dejavu-fonts/dejavu-lgc-fonts-ttf.tar.bz2,gh-asset,dejavu-sans-mono,bundle,lgc,github_repos,2026-09-26,owner:2026-09-26
dejavu-fonts/dejavu-fonts/dejavu-lgc-fonts-ttf.zip,gh-asset,dejavu-sans-mono,bundle,lgc,github_repos,2026-09-26,owner:2026-09-26
fonts-dejavu-mono,deb-pkg,dejavu-sans-mono,package,,oldlib,2026-09-26,owner:2026-09-26
DejaVu Serif Condensed,font-name,dejavu-serif,build,static,name_tables,2026-09-26,owner:2026-09-26
ttf-dejavu,arch-pkg,dejavu-serif,bundle,4,hand,2026-09-26,owner:2026-09-26
font-dejavu,brew-cask,dejavu-serif,bundle,4,hand,2026-09-26,owner:2026-09-26
fonts-dejavu,deb-pkg,dejavu-serif,bundle,4,hand,2026-09-26,owner:2026-09-26
fonts-dejavu-core,deb-pkg,dejavu-serif,bundle,3,hand,2026-09-26,owner:2026-09-26
fonts-dejavu-extra,deb-pkg,dejavu-serif,bundle,3,hand,2026-09-26,owner:2026-09-26
fonts-dejavu-web,deb-pkg,dejavu-serif,bundle,2,hand,2026-09-26,owner:2026-09-26
fonts-dejavu,deb-src,dejavu-serif,bundle,4,hand,2026-09-26,owner:2026-09-26
dejavu-fonts/dejavu-fonts/dejavu-fonts-ttf.tar.bz2,gh-asset,dejavu-serif,bundle,,github_repos,2026-09-26,owner:2026-09-26
dejavu-fonts/dejavu-fonts/dejavu-fonts-ttf.zip,gh-asset,dejavu-serif,bundle,,github_repos,2026-09-26,owner:2026-09-26
dejavu-fonts/dejavu-fonts/dejavu-lgc-fonts-ttf.tar.bz2,gh-asset,dejavu-serif,bundle,lgc,github_repos,2026-09-26,owner:2026-09-26
dejavu-fonts/dejavu-fonts/dejavu-lgc-fonts-ttf.zip,gh-asset,dejavu-serif,bundle,lgc,github_repos,2026-09-26,owner:2026-09-26
DepartureMono Nerd Font,font-name,departure-mono,build,nerd,nerd,2026-09-26,auto:nerd_unpatched
DepartureMono Nerd Font Mono,font-name,departure-mono,build,nfm,nerd,2026-09-26,auto:nerd_unpatched
DepartureMono Nerd Font Propo,font-name,departure-mono,build,propo,nerd,2026-09-26,auto:nerd_unpatched
DepartureMono NF,font-name,departure-mono,build,nf,nerd,2026-09-26,auto:nerd_unpatched
DepartureMono NFM,font-name,departure-mono,build,nfm,nerd,2026-09-26,auto:nerd_unpatched
DepartureMono NFP,font-name,departure-mono,build,nfp,nerd,2026-09-26,auto:nerd_unpatched
rektdeckard/departure-mono/DepartureMono.zip,gh-asset,departure-mono,package,,github_repos,2026-09-26,owner:2026-09-26
DMCAsansserifv1000dev1i,font-name,dmca-sans-serif-10-0-dev1,distinct,rejected,name_tables,2026-09-26,owner:2026-09-26
otf-droid-nerd,arch-pkg,droid-sans-mono,build,nerd,distro+oldlib,2026-09-26,owner:2026-09-26
DroidSansM,font-name,droid-sans-mono,build,nerd,nerd,2026-09-26,auto:nerd_unpatched
DroidSansM Nerd Font,font-name,droid-sans-mono,build,nerd,nerd,2026-09-26,auto:nerd_unpatched
DroidSansM Nerd Font Mono,font-name,droid-sans-mono,build,nfm,nerd,2026-09-26,auto:nerd_unpatched
DroidSansM Nerd Font Propo,font-name,droid-sans-mono,build,propo,nerd,2026-09-26,auto:nerd_unpatched
DroidSansM NF,font-name,droid-sans-mono,build,nf,nerd,2026-09-26,auto:nerd_unpatched
DroidSansM NFM,font-name,droid-sans-mono,build,nfm,nerd,2026-09-26,auto:nerd_unpatched
DroidSansM NFP,font-name,droid-sans-mono,build,nfp,nerd,2026-09-26,auto:nerd_unpatched
ttf-droid,arch-pkg,droid-sans-mono,bundle,15,hand,2026-09-26,owner:2026-09-26
eduvicwantarrows,gf-dir,edu-au-vic-wa-nt-arrows,rename,,gf_history,2026-09-26,auto:gf_history_rename
Edu VIC WA NT Arrows,gf-family,edu-au-vic-wa-nt-arrows,rename,,gf_history,2026-09-26,auto:gf_history_rename
EnvyCodeR Nerd Font,font-name,envy-code-r,build,nerd,nerd,2026-09-26,auto:nerd_unpatched
EnvyCodeR Nerd Font Mono,font-name,envy-code-r,build,nfm,nerd,2026-09-26,auto:nerd_unpatched
EnvyCodeR Nerd Font Propo,font-name,envy-code-r,build,propo,nerd,2026-09-26,auto:nerd_unpatched
EnvyCodeR NF,font-name,envy-code-r,build,nf,nerd,2026-09-26,auto:nerd_unpatched
EnvyCodeR NFM,font-name,envy-code-r,build,nfm,nerd,2026-09-26,auto:nerd_unpatched
EnvyCodeR NFP,font-name,envy-code-r,build,nfp,nerd,2026-09-26,auto:nerd_unpatched
FantasqueSansM,font-name,fantasque-sans-mono,build,nerd,nerd,2026-09-26,auto:nerd_unpatched
FantasqueSansM Nerd Font,font-name,fantasque-sans-mono,build,nerd,nerd,2026-09-26,auto:nerd_unpatched
FantasqueSansM Nerd Font Mono,font-name,fantasque-sans-mono,build,nfm,nerd,2026-09-26,auto:nerd_unpatched
FantasqueSansM Nerd Font Propo,font-name,fantasque-sans-mono,build,propo,nerd,2026-09-26,auto:nerd_unpatched
FantasqueSansM NF,font-name,fantasque-sans-mono,build,nf,nerd,2026-09-26,auto:nerd_unpatched
FantasqueSansM NFM,font-name,fantasque-sans-mono,build,nfm,nerd,2026-09-26,auto:nerd_unpatched
FantasqueSansM NFP,font-name,fantasque-sans-mono,build,nfp,nerd,2026-09-26,auto:nerd_unpatched
belluzj/fantasque-sans/CosmicSansNeueMono.zip,gh-asset,fantasque-sans-mono,package,,github_repos,2026-09-26,owner:2026-09-26
belluzj/fantasque-sans/FantasqueSansMono.tar.gz,gh-asset,fantasque-sans-mono,package,,github_repos,2026-09-26,owner:2026-09-26
belluzj/fantasque-sans/FantasqueSansMono.zip,gh-asset,fantasque-sans-mono,package,,github_repos,2026-09-26,owner:2026-09-26
belluzj/fantasque-sans/FantasqueSansMono-LargeLineHeight.tar.gz,gh-asset,fantasque-sans-mono,package,,github_repos,2026-09-26,owner:2026-09-26
belluzj/fantasque-sans/FantasqueSansMono-LargeLineHeight.zip,gh-asset,fantasque-sans-mono,package,,github_repos,2026-09-26,owner:2026-09-26
belluzj/fantasque-sans/FantasqueSansMono-LargeLineHeight-NoLoopK.tar.gz,gh-asset,fantasque-sans-mono,package,,github_repos,2026-09-26,owner:2026-09-26
belluzj/fantasque-sans/FantasqueSansMono-LargeLineHeight-NoLoopK.zip,gh-asset,fantasque-sans-mono,package,,github_repos,2026-09-26,owner:2026-09-26
belluzj/fantasque-sans/FantasqueSansMono-NoLoopK.tar.gz,gh-asset,fantasque-sans-mono,package,,github_repos,2026-09-26,owner:2026-09-26
belluzj/fantasque-sans/FantasqueSansMono-NoLoopK.zip,gh-asset,fantasque-sans-mono,package,,github_repos,2026-09-26,owner:2026-09-26
belluzj/fantasque-sans/FantasqueSansMono-Normal.tar.gz,gh-asset,fantasque-sans-mono,package,,github_repos,2026-09-26,owner:2026-09-26
belluzj/fantasque-sans/FantasqueSansMono-Normal.zip,gh-asset,fantasque-sans-mono,package,,github_repos,2026-09-26,owner:2026-09-26
belluzj/fantasque-sans/FantasqueSansMono_ss01.zip,gh-asset,fantasque-sans-mono,package,,github_repos,2026-09-26,owner:2026-09-26
Finlandica,gf-family,finlandica-headline,related,split,gf_history,2026-09-26,owner:2026-09-26
Finlandica,gf-family,finlandica-text,related,split,gf_history,2026-09-26,owner:2026-09-26
ttf-firacode-nerd,arch-pkg,fira-code,build,nerd,distro+oldlib,2026-09-26,owner:2026-09-26
FiraCode Nerd Font,font-name,fira-code,build,nerd,nerd,2026-09-26,auto:nerd_unpatched
FiraCode Nerd Font Mono,font-name,fira-code,build,nfm,nerd,2026-09-26,auto:nerd_unpatched
FiraCode Nerd Font Propo,font-name,fira-code,build,propo,nerd,2026-09-26,auto:nerd_unpatched
FiraCode NF,font-name,fira-code,build,nf,nerd,2026-09-26,auto:nerd_unpatched
FiraCode NFM,font-name,fira-code,build,nfm,nerd,2026-09-26,auto:nerd_unpatched
FiraCode NFP,font-name,fira-code,build,nfp,nerd,2026-09-26,auto:nerd_unpatched
Fira Sans,font-name,fira-code,distinct,sibling,rule:sibling,2026-09-26,auto:sibling
ttf-fira-code,arch-pkg,fira-code,package,,distro+oldlib,2026-09-26,owner:2026-09-26
fonts-firacode,deb-pkg,fira-code,package,,distro+oldlib,2026-09-26,owner:2026-09-26
fonts-firacode,deb-src,fira-code,package,,distro,2026-09-26,owner:2026-09-26
tonsky/FiraCode/FiraCode.zip,gh-asset,fira-code,package,,github_repos,2026-09-26,owner:2026-09-26
tonsky/FiraCode/FiraCode-Regular.otf,gh-asset,fira-code,package,,github_repos,2026-09-26,owner:2026-09-26
tonsky/FiraCode/FiraCode-Regular.ttf,gh-asset,fira-code,package,,github_repos,2026-09-26,owner:2026-09-26
otf-firamono-nerd,arch-pkg,fira-mono,build,nerd,distro+oldlib,2026-09-26,owner:2026-09-26
FiraMono Nerd Font,font-name,fira-mono,build,nerd,nerd,2026-09-26,auto:nerd_unpatched
FiraMono Nerd Font Mono,font-name,fira-mono,build,nfm,nerd,2026-09-26,auto:nerd_unpatched
FiraMono Nerd Font Propo,font-name,fira-mono,build,propo,nerd,2026-09-26,auto:nerd_unpatched
FiraMono NF,font-name,fira-mono,build,nf,nerd,2026-09-26,auto:nerd_unpatched
FiraMono NFM,font-name,fira-mono,build,nfm,nerd,2026-09-26,auto:nerd_unpatched
FiraMono NFP,font-name,fira-mono,build,nfp,nerd,2026-09-26,auto:nerd_unpatched
otf-fira-mono,arch-pkg,fira-mono,package,,distro+oldlib,2026-09-26,owner:2026-09-26
ttf-fira-mono,arch-pkg,fira-mono,package,,distro+oldlib,2026-09-26,owner:2026-09-26
otf-fira-sans,arch-pkg,fira-sans,bundle,3,hand,2026-09-26,owner:2026-09-26
ttf-fira-sans,arch-pkg,fira-sans,bundle,3,hand,2026-09-26,owner:2026-09-26
Fira Code,font-name,fira-sans,distinct,sibling,rule:sibling,2026-09-26,auto:sibling
otf-fira-sans,arch-pkg,fira-sans-condensed,bundle,3,hand,2026-09-26,owner:2026-09-26
ttf-fira-sans,arch-pkg,fira-sans-condensed,bundle,3,hand,2026-09-26,owner:2026-09-26
@fontsource/fredoka-one,npm,fredoka,package,,fontsource_legacy,2026-09-28,owner:2026-09-28
Fredoka One,font-name,fredoka,rename,,hand,2026-09-28,owner:2026-09-28
fredoka-one,fs-id,fredoka,rename,,fontsource_legacy,2026-09-28,owner:2026-09-28
vercel/geist-font/geist-font.zip,gh-asset,geist,bundle,,github_repos,2026-09-26,owner:2026-09-26
vercel/geist-font/Geist.Sans.zip,gh-asset,geist,package,,github_repos,2026-09-26,owner:2026-09-26
vercel/geist-font/Geist.zip,gh-asset,geist,package,,github_repos,2026-09-26,owner:2026-09-26
GeistMono Nerd Font,font-name,geist-mono,build,nerd,nerd,2026-09-26,auto:nerd_unpatched
GeistMono Nerd Font Mono,font-name,geist-mono,build,nfm,nerd,2026-09-26,auto:nerd_unpatched
GeistMono Nerd Font Propo,font-name,geist-mono,build,propo,nerd,2026-09-26,auto:nerd_unpatched
GeistMono NF,font-name,geist-mono,build,nf,nerd,2026-09-26,auto:nerd_unpatched
GeistMono NFM,font-name,geist-mono,build,nfm,nerd,2026-09-26,auto:nerd_unpatched
GeistMono NFP,font-name,geist-mono,build,nfp,nerd,2026-09-26,auto:nerd_unpatched
vercel/geist-font/geist-font.zip,gh-asset,geist-mono,bundle,,github_repos,2026-09-26,owner:2026-09-26
vercel/geist-font/Geist.Mono.zip,gh-asset,geist-mono,package,,github_repos,2026-09-26,owner:2026-09-26
vercel/geist-font/GeistMono.zip,gh-asset,geist-mono,package,,github_repos,2026-09-26,owner:2026-09-26
vercel/geist-font/geist-font.zip,gh-asset,geist-pixel,bundle,,github_repos,2026-09-26,owner:2026-09-26
gentiumplusbook,gf-dir,gentium-book-plus,rename,,gf_history,2026-09-26,auto:gf_history_rename
Gentium Plus Book,gf-family,gentium-book-plus,rename,,gf_history,2026-09-26,auto:gf_history_rename
GoMono Nerd Font,font-name,go-mono,build,nerd,nerd,2026-09-26,auto:nerd_unpatched
GoMono Nerd Font Mono,font-name,go-mono,build,nfm,nerd,2026-09-26,auto:nerd_unpatched
GoMono Nerd Font Propo,font-name,go-mono,build,propo,nerd,2026-09-26,auto:nerd_unpatched
GoMono NF,font-name,go-mono,build,nf,nerd,2026-09-26,auto:nerd_unpatched
GoMono NFM,font-name,go-mono,build,nfm,nerd,2026-09-26,auto:nerd_unpatched
GoMono NFP,font-name,go-mono,build,nfp,nerd,2026-09-26,auto:nerd_unpatched
GohuFont,font-name,gohu,build,nerd,nerd,2026-09-26,auto:nerd_unpatched
GohuFont Nerd Font,font-name,gohu,build,nerd,nerd,2026-09-26,auto:nerd_unpatched
GohuFont Nerd Font Mono,font-name,gohu,build,nfm,nerd,2026-09-26,auto:nerd_unpatched
GohuFont Nerd Font Propo,font-name,gohu,build,propo,nerd,2026-09-26,auto:nerd_unpatched
GohuFont NF,font-name,gohu,build,nf,nerd,2026-09-26,auto:nerd_unpatched
GohuFont NFM,font-name,gohu,build,nfm,nerd,2026-09-26,auto:nerd_unpatched
GohuFont NFP,font-name,gohu,build,nfp,nerd,2026-09-26,auto:nerd_unpatched
@fontsource/golos-ui,npm,golos-text,package,,fontsource_legacy,2026-09-26,owner:2026-09-26
golos-ui,fs-id,golos-text,rename,,fontsource_legacy,2026-09-26,owner:2026-09-26
GoogleSansCode Nerd Font,font-name,google-sans-code,build,nerd,nerd,2026-09-26,auto:nerd_unpatched
GoogleSansCode Nerd Font Mono,font-name,google-sans-code,build,nfm,nerd,2026-09-26,auto:nerd_unpatched
GoogleSansCode Nerd Font Propo,font-name,google-sans-code,build,propo,nerd,2026-09-26,auto:nerd_unpatched
GoogleSansCode NF,font-name,google-sans-code,build,nf,nerd,2026-09-26,auto:nerd_unpatched
GoogleSansCode NFM,font-name,google-sans-code,build,nfm,nerd,2026-09-26,auto:nerd_unpatched
GoogleSansCode NFP,font-name,google-sans-code,build,nfp,nerd,2026-09-26,auto:nerd_unpatched
googlefonts/googlesans-code/GoogleSansCode.zip,gh-asset,google-sans-code,package,,github_repos,2026-09-26,owner:2026-09-26
googlefonts/googlesans-code/GoogleSansCode-Android.zip,gh-asset,google-sans-code,package,,github_repos,2026-09-26,owner:2026-09-26
font-guguru-sans-code-nf,brew-cask,guguru-sans-code,build,nf,hand,2026-09-26,owner:2026-09-26
Hack Nerd Font,font-name,hack,build,nerd,nerd,2026-09-26,auto:nerd_unpatched
Hack Nerd Font Mono,font-name,hack,build,nfm,nerd,2026-09-26,auto:nerd_unpatched
Hack Nerd Font Propo,font-name,hack,build,propo,nerd,2026-09-26,auto:nerd_unpatched
Hack NF,font-name,hack,build,nf,nerd,2026-09-26,auto:nerd_unpatched
Hack NFM,font-name,hack,build,nfm,nerd,2026-09-26,auto:nerd_unpatched
Hack NFP,font-name,hack,build,nfp,nerd,2026-09-26,auto:nerd_unpatched
source-foundry/Hack/Hack-otf.tar.gz,gh-asset,hack,package,,github_repos,2026-09-26,owner:2026-09-26
source-foundry/Hack/Hack-otf.tar.xz,gh-asset,hack,package,,github_repos,2026-09-26,owner:2026-09-26
source-foundry/Hack/Hack-otf.zip,gh-asset,hack,package,,github_repos,2026-09-26,owner:2026-09-26
source-foundry/Hack/Hack-ttf.tar.gz,gh-asset,hack,package,,github_repos,2026-09-26,owner:2026-09-26
source-foundry/Hack/Hack-ttf.tar.xz,gh-asset,hack,package,,github_repos,2026-09-26,owner:2026-09-26
source-foundry/Hack/Hack-ttf.zip,gh-asset,hack,package,,github_repos,2026-09-26,owner:2026-09-26
source-foundry/Hack/Hack-webfonts.tar.gz,gh-asset,hack,package,,github_repos,2026-09-26,owner:2026-09-26
source-foundry/Hack/Hack-webfonts.tar.xz,gh-asset,hack,package,,github_repos,2026-09-26,owner:2026-09-26
source-foundry/Hack/Hack-webfonts.zip,gh-asset,hack,package,,github_repos,2026-09-26,owner:2026-09-26
Hasklug,font-name,hasklig,build,nerd,nerd,2026-09-26,auto:nerd_unpatched
Hasklug Nerd Font,font-name,hasklig,build,nerd,nerd,2026-09-26,auto:nerd_unpatched
Hasklug Nerd Font Mono,font-name,hasklig,build,nfm,nerd,2026-09-26,auto:nerd_unpatched
Hasklug Nerd Font Propo,font-name,hasklig,build,propo,nerd,2026-09-26,auto:nerd_unpatched
Hasklug NF,font-name,hasklig,build,nf,nerd,2026-09-26,auto:nerd_unpatched
Hasklug NFM,font-name,hasklig,build,nfm,nerd,2026-09-26,auto:nerd_unpatched
Hasklug NFP,font-name,hasklig,build,nfp,nerd,2026-09-26,auto:nerd_unpatched
i-tu/Hasklig/Hasklig.zip,gh-asset,hasklig,package,,github_repos,2026-09-26,owner:2026-09-26
HeavyData Nerd Font,font-name,heavy-data,build,nerd,nerd,2026-09-26,auto:nerd_unpatched
HeavyData Nerd Font Mono,font-name,heavy-data,build,nfm,nerd,2026-09-26,auto:nerd_unpatched
HeavyData Nerd Font Propo,font-name,heavy-data,build,propo,nerd,2026-09-26,auto:nerd_unpatched
HeavyData NF,font-name,heavy-data,build,nf,nerd,2026-09-26,auto:nerd_unpatched
HeavyData NFM,font-name,heavy-data,build,nfm,nerd,2026-09-26,auto:nerd_unpatched
HeavyData NFP,font-name,heavy-data,build,nfp,nerd,2026-09-26,auto:nerd_unpatched
Hurmit,font-name,hermit,build,nerd,nerd,2026-09-26,auto:nerd_unpatched
Hurmit Nerd Font,font-name,hermit,build,nerd,nerd,2026-09-26,auto:nerd_unpatched
Hurmit Nerd Font Mono,font-name,hermit,build,nfm,nerd,2026-09-26,auto:nerd_unpatched
Hurmit Nerd Font Propo,font-name,hermit,build,propo,nerd,2026-09-26,auto:nerd_unpatched
Hurmit NF,font-name,hermit,build,nf,nerd,2026-09-26,auto:nerd_unpatched
Hurmit NFM,font-name,hermit,build,nfm,nerd,2026-09-26,auto:nerd_unpatched
Hurmit NFP,font-name,hermit,build,nfp,nerd,2026-09-26,auto:nerd_unpatched
github/hubot-sans/Hubot.Sans.zip,gh-asset,hubot-sans,package,,github_repos,2026-09-26,owner:2026-09-26
github/hubot-sans/Hubot-Sans.zip,gh-asset,hubot-sans,package,,github_repos,2026-09-26,owner:2026-09-26
justfonthuninn,gf-dir,huninn,rename,,gf_history,2026-09-26,auto:gf_history_rename
Justfont Huninn,gf-family,huninn,rename,,gf_history,2026-09-26,auto:gf_history_rename
font-im-writing-nerd-font,brew-cask,ia-writer-duo,bundle,3,hand,2026-09-26,owner:2026-09-26
iA Writer,font-name,ia-writer-duo,bundle,3,hand,2026-09-26,owner:2026-09-26
iMWriting,font-name,ia-writer-duo,bundle,3,hand,2026-09-26,owner:2026-09-26
iMWriting Nerd Font,font-name,ia-writer-duo,bundle,3,hand,2026-09-26,owner:2026-09-26
iMWriting Nerd Font Mono,font-name,ia-writer-duo,bundle,3,hand,2026-09-26,owner:2026-09-26
iMWriting Nerd Font Propo,font-name,ia-writer-duo,bundle,3,hand,2026-09-26,owner:2026-09-26
iMWriting NF,font-name,ia-writer-duo,bundle,3,hand,2026-09-26,owner:2026-09-26
iMWriting NFM,font-name,ia-writer-duo,bundle,3,hand,2026-09-26,owner:2026-09-26
iMWriting NFP,font-name,ia-writer-duo,bundle,3,hand,2026-09-26,owner:2026-09-26
iA-Writer,nerd-folder,ia-writer-duo,bundle,3,hand,2026-09-26,owner:2026-09-26
@fontsource/ia-writer-duospace,npm,ia-writer-duo,package,,fontsource_legacy,2026-09-26,owner:2026-09-26
ia-writer-duospace,fs-id,ia-writer-duo,rename,,fontsource_legacy,2026-09-26,owner:2026-09-26
font-im-writing-nerd-font,brew-cask,ia-writer-mono,bundle,3,hand,2026-09-26,owner:2026-09-26
iA Writer,font-name,ia-writer-mono,bundle,3,hand,2026-09-26,owner:2026-09-26
iMWriting,font-name,ia-writer-mono,bundle,3,hand,2026-09-26,owner:2026-09-26
iMWriting Nerd Font,font-name,ia-writer-mono,bundle,3,hand,2026-09-26,owner:2026-09-26
iMWriting Nerd Font Mono,font-name,ia-writer-mono,bundle,3,hand,2026-09-26,owner:2026-09-26
iMWriting Nerd Font Propo,font-name,ia-writer-mono,bundle,3,hand,2026-09-26,owner:2026-09-26
iMWriting NF,font-name,ia-writer-mono,bundle,3,hand,2026-09-26,owner:2026-09-26
iMWriting NFM,font-name,ia-writer-mono,bundle,3,hand,2026-09-26,owner:2026-09-26
iMWriting NFP,font-name,ia-writer-mono,bundle,3,hand,2026-09-26,owner:2026-09-26
iA-Writer,nerd-folder,ia-writer-mono,bundle,3,hand,2026-09-26,owner:2026-09-26
font-im-writing-nerd-font,brew-cask,ia-writer-quattro,bundle,3,hand,2026-09-26,owner:2026-09-26
iA Writer,font-name,ia-writer-quattro,bundle,3,hand,2026-09-26,owner:2026-09-26
iMWriting,font-name,ia-writer-quattro,bundle,3,hand,2026-09-26,owner:2026-09-26
iMWriting Nerd Font,font-name,ia-writer-quattro,bundle,3,hand,2026-09-26,owner:2026-09-26
iMWriting Nerd Font Mono,font-name,ia-writer-quattro,bundle,3,hand,2026-09-26,owner:2026-09-26
iMWriting Nerd Font Propo,font-name,ia-writer-quattro,bundle,3,hand,2026-09-26,owner:2026-09-26
iMWriting NF,font-name,ia-writer-quattro,bundle,3,hand,2026-09-26,owner:2026-09-26
iMWriting NFM,font-name,ia-writer-quattro,bundle,3,hand,2026-09-26,owner:2026-09-26
iMWriting NFP,font-name,ia-writer-quattro,bundle,3,hand,2026-09-26,owner:2026-09-26
iA-Writer,nerd-folder,ia-writer-quattro,bundle,3,hand,2026-09-26,owner:2026-09-26
3270,font-name,ibm-3270,build,nerd,nerd,2026-09-26,auto:nerd_unpatched
3270 Nerd Font,font-name,ibm-3270,build,nerd,nerd,2026-09-26,auto:nerd_unpatched
3270 Nerd Font Mono,font-name,ibm-3270,build,nfm,nerd,2026-09-26,auto:nerd_unpatched
3270 Nerd Font Propo,font-name,ibm-3270,build,propo,nerd,2026-09-26,auto:nerd_unpatched
3270 NF,font-name,ibm-3270,build,nf,nerd,2026-09-26,auto:nerd_unpatched
3270 NFM,font-name,ibm-3270,build,nfm,nerd,2026-09-26,auto:nerd_unpatched
3270 NFP,font-name,ibm-3270,build,nfp,nerd,2026-09-26,auto:nerd_unpatched
rbanffy/3270font/3270_fonts.zip,gh-asset,ibm-3270,package,,github_repos,2026-09-26,owner:2026-09-26
IBM/plex/ibm-plex-math.zip,gh-asset,ibm-plex-math,package,,github_repos,2026-09-26,owner:2026-09-26
ttf-ibmplex-mono-nerd,arch-pkg,ibm-plex-mono,build,nerd,distro+oldlib,2026-09-26,owner:2026-09-26
BlexMono,font-name,ibm-plex-mono,build,nerd,nerd,2026-09-26,auto:nerd_unpatched
BlexMono Nerd Font,font-name,ibm-plex-mono,build,nerd,nerd,2026-09-26,auto:nerd_unpatched
BlexMono Nerd Font Mono,font-name,ibm-plex-mono,build,nfm,nerd,2026-09-26,auto:nerd_unpatched
BlexMono Nerd Font Propo,font-name,ibm-plex-mono,build,propo,nerd,2026-09-26,auto:nerd_unpatched
BlexMono NF,font-name,ibm-plex-mono,build,nf,nerd,2026-09-26,auto:nerd_unpatched
BlexMono NFM,font-name,ibm-plex-mono,build,nfm,nerd,2026-09-26,auto:nerd_unpatched
BlexMono NFP,font-name,ibm-plex-mono,build,nfp,nerd,2026-09-26,auto:nerd_unpatched
ttf-ibm-plex,arch-pkg,ibm-plex-mono,bundle,12,hand,2026-09-26,owner:2026-09-26
font-ibm-plex,brew-cask,ibm-plex-mono,bundle,11,hand,2026-09-26,owner:2026-09-26
fonts-ibm-plex,deb-pkg,ibm-plex-mono,bundle,9,hand,2026-09-26,owner:2026-09-26
fonts-ibm-plex,deb-src,ibm-plex-mono,bundle,9,hand,2026-09-26,owner:2026-09-26
IBM/plex/OpenType.zip,gh-asset,ibm-plex-mono,bundle,,github_repos,2026-09-26,owner:2026-09-26
IBM/plex/TrueType.zip,gh-asset,ibm-plex-mono,bundle,,github_repos,2026-09-26,owner:2026-09-26
IBM/plex/Web.zip,gh-asset,ibm-plex-mono,bundle,,github_repos,2026-09-26,owner:2026-09-26
IBM/plex/IBM-Plex-Mono.zip,gh-asset,ibm-plex-mono,package,,github_repos,2026-09-26,owner:2026-09-26
IBM/plex/plex-mono-variable.zip,gh-asset,ibm-plex-mono,package,,github_repos,2026-09-26,owner:2026-09-26
ttf-ibm-plex,arch-pkg,ibm-plex-sans,bundle,12,hand,2026-09-26,owner:2026-09-26
font-ibm-plex,brew-cask,ibm-plex-sans,bundle,11,hand,2026-09-26,owner:2026-09-26
fonts-ibm-plex,deb-pkg,ibm-plex-sans,bundle,9,hand,2026-09-26,owner:2026-09-26
fonts-ibm-plex,deb-src,ibm-plex-sans,bundle,9,hand,2026-09-26,owner:2026-09-26
IBM/plex/OpenType.zip,gh-asset,ibm-plex-sans,bundle,,github_repos,2026-09-26,owner:2026-09-26
IBM/plex/TrueType.zip,gh-asset,ibm-plex-sans,bundle,,github_repos,2026-09-26,owner:2026-09-26
IBM/plex/Web.zip,gh-asset,ibm-plex-sans,bundle,,github_repos,2026-09-26,owner:2026-09-26
IBM/plex/IBM-Plex-Sans.zip,gh-asset,ibm-plex-sans,package,,github_repos,2026-09-26,owner:2026-09-26
IBM/plex/IBM-Plex-Sans-Var.zip,gh-asset,ibm-plex-sans,package,,github_repos,2026-09-26,owner:2026-09-26
IBM/plex/plex-sans-variable.zip,gh-asset,ibm-plex-sans,package,,github_repos,2026-09-26,owner:2026-09-26
ttf-ibm-plex,arch-pkg,ibm-plex-sans-arabic,bundle,12,hand,2026-09-26,owner:2026-09-26
font-ibm-plex,brew-cask,ibm-plex-sans-arabic,bundle,11,hand,2026-09-26,owner:2026-09-26
fonts-ibm-plex,deb-pkg,ibm-plex-sans-arabic,bundle,9,hand,2026-09-26,owner:2026-09-26
fonts-ibm-plex,deb-src,ibm-plex-sans-arabic,bundle,9,hand,2026-09-26,owner:2026-09-26
IBM/plex/OpenType.zip,gh-asset,ibm-plex-sans-arabic,bundle,,github_repos,2026-09-26,owner:2026-09-26
IBM/plex/TrueType.zip,gh-asset,ibm-plex-sans-arabic,bundle,,github_repos,2026-09-26,owner:2026-09-26
IBM/plex/Web.zip,gh-asset,ibm-plex-sans-arabic,bundle,,github_repos,2026-09-26,owner:2026-09-26
IBM/plex/IBM-Plex-Sans-Arabic.zip,gh-asset,ibm-plex-sans-arabic,package,,github_repos,2026-09-26,owner:2026-09-26
ttf-ibm-plex,arch-pkg,ibm-plex-sans-condensed,bundle,12,hand,2026-09-26,owner:2026-09-26
font-ibm-plex,brew-cask,ibm-plex-sans-condensed,bundle,11,hand,2026-09-26,owner:2026-09-26
fonts-ibm-plex,deb-pkg,ibm-plex-sans-condensed,bundle,9,hand,2026-09-26,owner:2026-09-26
fonts-ibm-plex,deb-src,ibm-plex-sans-condensed,bundle,9,hand,2026-09-26,owner:2026-09-26
IBM/plex/OpenType.zip,gh-asset,ibm-plex-sans-condensed,bundle,,github_repos,2026-09-26,owner:2026-09-26
IBM/plex/TrueType.zip,gh-asset,ibm-plex-sans-condensed,bundle,,github_repos,2026-09-26,owner:2026-09-26
IBM/plex/Web.zip,gh-asset,ibm-plex-sans-condensed,bundle,,github_repos,2026-09-26,owner:2026-09-26
IBM/plex/IBM-Plex-Sans-Condensed.zip,gh-asset,ibm-plex-sans-condensed,package,,github_repos,2026-09-26,owner:2026-09-26
ttf-ibm-plex,arch-pkg,ibm-plex-sans-devanagari,bundle,12,hand,2026-09-26,owner:2026-09-26
font-ibm-plex,brew-cask,ibm-plex-sans-devanagari,bundle,11,hand,2026-09-26,owner:2026-09-26
fonts-ibm-plex,deb-pkg,ibm-plex-sans-devanagari,bundle,9,hand,2026-09-26,owner:2026-09-26
fonts-ibm-plex,deb-src,ibm-plex-sans-devanagari,bundle,9,hand,2026-09-26,owner:2026-09-26
IBM/plex/OpenType.zip,gh-asset,ibm-plex-sans-devanagari,bundle,,github_repos,2026-09-26,owner:2026-09-26
IBM/plex/TrueType.zip,gh-asset,ibm-plex-sans-devanagari,bundle,,github_repos,2026-09-26,owner:2026-09-26
IBM/plex/Web.zip,gh-asset,ibm-plex-sans-devanagari,bundle,,github_repos,2026-09-26,owner:2026-09-26
IBM/plex/IBM-Plex-Sans-Devanagari.zip,gh-asset,ibm-plex-sans-devanagari,package,,github_repos,2026-09-26,owner:2026-09-26
ttf-ibm-plex,arch-pkg,ibm-plex-sans-hebrew,bundle,12,hand,2026-09-26,owner:2026-09-26
font-ibm-plex,brew-cask,ibm-plex-sans-hebrew,bundle,11,hand,2026-09-26,owner:2026-09-26
fonts-ibm-plex,deb-pkg,ibm-plex-sans-hebrew,bundle,9,hand,2026-09-26,owner:2026-09-26
fonts-ibm-plex,deb-src,ibm-plex-sans-hebrew,bundle,9,hand,2026-09-26,owner:2026-09-26
IBM/plex/OpenType.zip,gh-asset,ibm-plex-sans-hebrew,bundle,,github_repos,2026-09-26,owner:2026-09-26
IBM/plex/TrueType.zip,gh-asset,ibm-plex-sans-hebrew,bundle,,github_repos,2026-09-26,owner:2026-09-26
IBM/plex/Web.zip,gh-asset,ibm-plex-sans-hebrew,bundle,,github_repos,2026-09-26,owner:2026-09-26
IBM/plex/IBM-Plex-Sans-Hebrew.zip,gh-asset,ibm-plex-sans-hebrew,package,,github_repos,2026-09-26,owner:2026-09-26
ttf-ibm-plex,arch-pkg,ibm-plex-sans-jp,bundle,12,hand,2026-09-26,owner:2026-09-26
font-ibm-plex,brew-cask,ibm-plex-sans-jp,bundle,11,hand,2026-09-26,owner:2026-09-26
IBM/plex/OpenType.zip,gh-asset,ibm-plex-sans-jp,bundle,,github_repos,2026-09-26,owner:2026-09-26
IBM/plex/TrueType.zip,gh-asset,ibm-plex-sans-jp,bundle,,github_repos,2026-09-26,owner:2026-09-26
IBM/plex/Web.zip,gh-asset,ibm-plex-sans-jp,bundle,,github_repos,2026-09-26,owner:2026-09-26
IBM/plex/IBM-Plex-Sans-JP.zip,gh-asset,ibm-plex-sans-jp,package,,github_repos,2026-09-26,owner:2026-09-26
ttf-ibm-plex,arch-pkg,ibm-plex-sans-kr,bundle,12,hand,2026-09-26,owner:2026-09-26
font-ibm-plex,brew-cask,ibm-plex-sans-kr,bundle,11,hand,2026-09-26,owner:2026-09-26
IBM/plex/OpenType.zip,gh-asset,ibm-plex-sans-kr,bundle,,github_repos,2026-09-26,owner:2026-09-26
IBM/plex/TrueType.zip,gh-asset,ibm-plex-sans-kr,bundle,,github_repos,2026-09-26,owner:2026-09-26
IBM/plex/Web.zip,gh-asset,ibm-plex-sans-kr,bundle,,github_repos,2026-09-26,owner:2026-09-26
IBM/plex/IBM-Plex-Sans-KR.zip,gh-asset,ibm-plex-sans-kr,package,,github_repos,2026-09-26,owner:2026-09-26
IBM/plex/ibm-plex-sans-sc.zip,gh-asset,ibm-plex-sans-sc,package,,github_repos,2026-09-26,owner:2026-09-26
ttf-ibm-plex,arch-pkg,ibm-plex-sans-tc,bundle,12,hand,2026-09-26,owner:2026-09-26
IBM/plex/OpenType.zip,gh-asset,ibm-plex-sans-tc,bundle,,github_repos,2026-09-26,owner:2026-09-26
IBM/plex/TrueType.zip,gh-asset,ibm-plex-sans-tc,bundle,,github_repos,2026-09-26,owner:2026-09-26
IBM/plex/Web.zip,gh-asset,ibm-plex-sans-tc,bundle,,github_repos,2026-09-26,owner:2026-09-26
IBM/plex/ibm-plex-sans-tc.zip,gh-asset,ibm-plex-sans-tc,package,,github_repos,2026-09-26,owner:2026-09-26
ttf-ibm-plex,arch-pkg,ibm-plex-sans-thai,bundle,12,hand,2026-09-26,owner:2026-09-26
font-ibm-plex,brew-cask,ibm-plex-sans-thai,bundle,11,hand,2026-09-26,owner:2026-09-26
fonts-ibm-plex,deb-pkg,ibm-plex-sans-thai,bundle,9,hand,2026-09-26,owner:2026-09-26
fonts-ibm-plex,deb-src,ibm-plex-sans-thai,bundle,9,hand,2026-09-26,owner:2026-09-26
IBM/plex/OpenType.zip,gh-asset,ibm-plex-sans-thai,bundle,,github_repos,2026-09-26,owner:2026-09-26
IBM/plex/TrueType.zip,gh-asset,ibm-plex-sans-thai,bundle,,github_repos,2026-09-26,owner:2026-09-26
IBM/plex/Web.zip,gh-asset,ibm-plex-sans-thai,bundle,,github_repos,2026-09-26,owner:2026-09-26
IBM/plex/IBM-Plex-Sans-Thai.zip,gh-asset,ibm-plex-sans-thai,package,,github_repos,2026-09-26,owner:2026-09-26
ttf-ibm-plex,arch-pkg,ibm-plex-sans-thai-looped,bundle,12,hand,2026-09-26,owner:2026-09-26
font-ibm-plex,brew-cask,ibm-plex-sans-thai-looped,bundle,11,hand,2026-09-26,owner:2026-09-26
fonts-ibm-plex,deb-pkg,ibm-plex-sans-thai-looped,bundle,9,hand,2026-09-26,owner:2026-09-26
fonts-ibm-plex,deb-src,ibm-plex-sans-thai-looped,bundle,9,hand,2026-09-26,owner:2026-09-26
IBM/plex/OpenType.zip,gh-asset,ibm-plex-sans-thai-looped,bundle,,github_repos,2026-09-26,owner:2026-09-26
IBM/plex/TrueType.zip,gh-asset,ibm-plex-sans-thai-looped,bundle,,github_repos,2026-09-26,owner:2026-09-26
IBM/plex/Web.zip,gh-asset,ibm-plex-sans-thai-looped,bundle,,github_repos,2026-09-26,owner:2026-09-26
IBM/plex/IBM-Plex-Sans-Thai-Looped.zip,gh-asset,ibm-plex-sans-thai-looped,package,,github_repos,2026-09-26,owner:2026-09-26
ttf-ibm-plex,arch-pkg,ibm-plex-serif,bundle,12,hand,2026-09-26,owner:2026-09-26
font-ibm-plex,brew-cask,ibm-plex-serif,bundle,11,hand,2026-09-26,owner:2026-09-26
fonts-ibm-plex,deb-pkg,ibm-plex-serif,bundle,9,hand,2026-09-26,owner:2026-09-26
fonts-ibm-plex,deb-src,ibm-plex-serif,bundle,9,hand,2026-09-26,owner:2026-09-26
IBM/plex/OpenType.zip,gh-asset,ibm-plex-serif,bundle,,github_repos,2026-09-26,owner:2026-09-26
IBM/plex/TrueType.zip,gh-asset,ibm-plex-serif,bundle,,github_repos,2026-09-26,owner:2026-09-26
IBM/plex/Web.zip,gh-asset,ibm-plex-serif,bundle,,github_repos,2026-09-26,owner:2026-09-26
IBM/plex/IBM-Plex-Serif.zip,gh-asset,ibm-plex-serif,package,,github_repos,2026-09-26,owner:2026-09-26
IBM/plex/plex-serif-variable.zip,gh-asset,ibm-plex-serif,package,,github_repos,2026-09-26,owner:2026-09-26
ttf-inconsolata-go-nerd,arch-pkg,inconsolata,build,nerd,distro+oldlib,2026-09-28,owner:2026-09-28
font-inconsolata-go-nerd-font,brew-cask,inconsolata,build,nerd,hand,2026-09-28,owner:2026-09-28
InconsolataGo,font-name,inconsolata,build,,hand,2026-09-28,owner:2026-09-28
InconsolataGo Nerd Font,font-name,inconsolata,build,nerd,nerd,2026-09-26,owner:2026-09-28
InconsolataGo Nerd Font Mono,font-name,inconsolata,build,nfm,nerd,2026-09-26,owner:2026-09-28
InconsolataGo Nerd Font Propo,font-name,inconsolata,build,propo,nerd,2026-09-26,owner:2026-09-28
InconsolataGo NF,font-name,inconsolata,build,nf,nerd,2026-09-26,owner:2026-09-28
InconsolataGo NFM,font-name,inconsolata,build,nfm,nerd,2026-09-26,owner:2026-09-28
InconsolataGo NFP,font-name,inconsolata,build,nfp,nerd,2026-09-26,owner:2026-09-28
Inconsolata Nerd Font,font-name,inconsolata,build,nerd,nerd,2026-09-26,auto:nerd_unpatched
Inconsolata Nerd Font Mono,font-name,inconsolata,build,nfm,nerd,2026-09-26,auto:nerd_unpatched
Inconsolata Nerd Font Propo,font-name,inconsolata,build,propo,nerd,2026-09-26,auto:nerd_unpatched
Inconsolata NF,font-name,inconsolata,build,nf,nerd,2026-09-26,auto:nerd_unpatched
Inconsolata NFM,font-name,inconsolata,build,nfm,nerd,2026-09-26,auto:nerd_unpatched
Inconsolata NFP,font-name,inconsolata,build,nfp,nerd,2026-09-26,auto:nerd_unpatched
InconsolataGo,nerd-folder,inconsolata,build,nerd,oldlib,2026-09-28,owner:2026-09-28
ttf-inconsolata-lgc-nerd,arch-pkg,inconsolata,distinct,rejected,oldlib,2026-09-26,owner:2026-09-26
InconsolataLGC,nerd-folder,inconsolata,distinct,rejected,oldlib,2026-09-26,owner:2026-09-26
ttf-inconsolata-lgc-nerd,arch-pkg,inconsolata-lgc,build,nerd,distro,2026-09-26,owner:2026-09-26
Inconsolata LGC Nerd Font,font-name,inconsolata-lgc,build,nerd,nerd,2026-09-26,auto:nerd_unpatched
Inconsolata LGC Nerd Font Mono,font-name,inconsolata-lgc,build,nfm,nerd,2026-09-26,auto:nerd_unpatched
Inconsolata LGC Nerd Font Propo,font-name,inconsolata-lgc,build,propo,nerd,2026-09-26,auto:nerd_unpatched
Inconsolata LGC NF,font-name,inconsolata-lgc,build,nf,nerd,2026-09-26,auto:nerd_unpatched
Inconsolata LGC NFM,font-name,inconsolata-lgc,build,nfm,nerd,2026-09-26,auto:nerd_unpatched
Inconsolata LGC NFP,font-name,inconsolata-lgc,build,nfp,nerd,2026-09-26,auto:nerd_unpatched
IntoneMono,font-name,intel-one-mono,build,nerd,nerd,2026-09-26,auto:nerd_unpatched
IntoneMono Nerd Font,font-name,intel-one-mono,build,nerd,nerd,2026-09-26,auto:nerd_unpatched
IntoneMono Nerd Font Mono,font-name,intel-one-mono,build,nfm,nerd,2026-09-26,auto:nerd_unpatched
IntoneMono Nerd Font Propo,font-name,intel-one-mono,build,propo,nerd,2026-09-26,auto:nerd_unpatched
IntoneMono NF,font-name,intel-one-mono,build,nf,nerd,2026-09-26,auto:nerd_unpatched
IntoneMono NFM,font-name,intel-one-mono,build,nfm,nerd,2026-09-26,auto:nerd_unpatched
IntoneMono NFP,font-name,intel-one-mono,build,nfp,nerd,2026-09-26,auto:nerd_unpatched
intel/intel-one-mono/otf.zip,gh-asset,intel-one-mono,package,,github_repos,2026-09-26,owner:2026-09-26
intel/intel-one-mono/ttf.zip,gh-asset,intel-one-mono,package,,github_repos,2026-09-26,owner:2026-09-26
intel/intel-one-mono/Web.zip,gh-asset,intel-one-mono,package,,github_repos,2026-09-26,owner:2026-09-26
intel/intel-one-mono/woff.zip,gh-asset,intel-one-mono,package,,github_repos,2026-09-26,owner:2026-09-26
intel/intel-one-mono/woff2.zip,gh-asset,intel-one-mono,package,,github_repos,2026-09-26,owner:2026-09-26
Inter Display,font-name,inter,build,opsz,name_tables,2026-09-26,owner:2026-09-26
Inter Variable,font-name,inter,build,variable,name_tables,2026-09-26,owner:2026-09-26
Inter Tight,font-name,inter,distinct,sibling,rule:sibling,2026-09-26,auto:sibling
rsms/inter/Inter.zip,gh-asset,inter,package,,github_repos,2026-09-26,owner:2026-09-26
rsms/inter/Inter-UI.zip,gh-asset,inter,package,,github_repos,2026-09-26,owner:2026-09-26
Inter,font-name,inter-tight,distinct,,rule:sibling,2026-09-26,auto:sibling
font-iosevka-term-nerd-font,brew-cask,iosevka,build,nerd,hand,2026-09-26,owner:2026-09-26
font-iosevka-term-slab-nerd-font,brew-cask,iosevka,build,nerd,hand,2026-09-26,owner:2026-09-26
Iosevka Nerd Font,font-name,iosevka,build,nerd,nerd,2026-09-26,auto:nerd_unpatched
Iosevka Nerd Font Mono,font-name,iosevka,build,nfm,nerd,2026-09-26,auto:nerd_unpatched
Iosevka Nerd Font Propo,font-name,iosevka,build,propo,nerd,2026-09-26,auto:nerd_unpatched
Iosevka NF,font-name,iosevka,build,nf,nerd,2026-09-26,auto:nerd_unpatched
Iosevka NFM,font-name,iosevka,build,nfm,nerd,2026-09-26,auto:nerd_unpatched
Iosevka NFP,font-name,iosevka,build,nfp,nerd,2026-09-26,auto:nerd_unpatched
Iosevka Term,font-name,iosevka,build,,hand,2026-09-26,owner:2026-09-26
IosevkaTerm Nerd Font,font-name,iosevka,build,nerd,nerd,2026-09-26,auto:nerd_unpatched
IosevkaTerm Nerd Font Mono,font-name,iosevka,build,nfm,nerd,2026-09-26,auto:nerd_unpatched
IosevkaTerm Nerd Font Propo,font-name,iosevka,build,propo,nerd,2026-09-26,auto:nerd_unpatched
IosevkaTerm NF,font-name,iosevka,build,nf,nerd,2026-09-26,auto:nerd_unpatched
IosevkaTerm NFM,font-name,iosevka,build,nfm,nerd,2026-09-26,auto:nerd_unpatched
IosevkaTerm NFP,font-name,iosevka,build,nfp,nerd,2026-09-26,auto:nerd_unpatched
Iosevka Term Slab,font-name,iosevka,build,,hand,2026-09-26,owner:2026-09-26
IosevkaTermSlab Nerd Font,font-name,iosevka,build,nerd,nerd,2026-09-26,auto:nerd_unpatched
IosevkaTermSlab Nerd Font Mono,font-name,iosevka,build,nfm,nerd,2026-09-26,auto:nerd_unpatched
IosevkaTermSlab Nerd Font Propo,font-name,iosevka,build,propo,nerd,2026-09-26,auto:nerd_unpatched
IosevkaTermSlab NF,font-name,iosevka,build,nf,nerd,2026-09-26,auto:nerd_unpatched
IosevkaTermSlab NFM,font-name,iosevka,build,nfm,nerd,2026-09-26,auto:nerd_unpatched
IosevkaTermSlab NFP,font-name,iosevka,build,nfp,nerd,2026-09-26,auto:nerd_unpatched
IosevkaTerm,nerd-folder,iosevka,build,nerd,hand,2026-09-26,owner:2026-09-26
IosevkaTermSlab,nerd-folder,iosevka,build,nerd,hand,2026-09-26,owner:2026-09-26
be5invis/Iosevka/PkgTTC-Iosevka.zip,gh-asset,iosevka,package,,github_repos,2026-09-26,owner:2026-09-26
be5invis/Iosevka/PkgTTC-SGr-Iosevka.zip,gh-asset,iosevka,package,,github_repos,2026-09-26,owner:2026-09-26
be5invis/Iosevka/PkgTTC-SGr-IosevkaFixed.zip,gh-asset,iosevka,package,,github_repos,2026-09-26,owner:2026-09-26
be5invis/Iosevka/PkgTTC-SGr-IosevkaTerm.zip,gh-asset,iosevka,package,,github_repos,2026-09-26,owner:2026-09-26
be5invis/Iosevka/PkgTTF-Iosevka.zip,gh-asset,iosevka,package,,github_repos,2026-09-26,owner:2026-09-26
be5invis/Iosevka/PkgTTF-IosevkaFixed.zip,gh-asset,iosevka,package,,github_repos,2026-09-26,owner:2026-09-26
be5invis/Iosevka/PkgTTF-IosevkaTerm.zip,gh-asset,iosevka,package,,github_repos,2026-09-26,owner:2026-09-26
be5invis/Iosevka/PkgTTF-Unhinted-Iosevka.zip,gh-asset,iosevka,package,,github_repos,2026-09-26,owner:2026-09-26
be5invis/Iosevka/PkgTTF-Unhinted-IosevkaFixed.zip,gh-asset,iosevka,package,,github_repos,2026-09-26,owner:2026-09-26
be5invis/Iosevka/PkgTTF-Unhinted-IosevkaTerm.zip,gh-asset,iosevka,package,,github_repos,2026-09-26,owner:2026-09-26
be5invis/Iosevka/PkgWebFont-Iosevka.zip,gh-asset,iosevka,package,,github_repos,2026-09-26,owner:2026-09-26
be5invis/Iosevka/PkgWebFont-IosevkaFixed.zip,gh-asset,iosevka,package,,github_repos,2026-09-26,owner:2026-09-26
be5invis/Iosevka/PkgWebFont-IosevkaTerm.zip,gh-asset,iosevka,package,,github_repos,2026-09-26,owner:2026-09-26
be5invis/Iosevka/PkgWebFont-Unhinted-Iosevka.zip,gh-asset,iosevka,package,,github_repos,2026-09-26,owner:2026-09-26
be5invis/Iosevka/PkgWebFont-Unhinted-IosevkaFixed.zip,gh-asset,iosevka,package,,github_repos,2026-09-26,owner:2026-09-26
be5invis/Iosevka/PkgWebFont-Unhinted-IosevkaTerm.zip,gh-asset,iosevka,package,,github_repos,2026-09-26,owner:2026-09-26
be5invis/Iosevka/SuperTTC-Iosevka.zip,gh-asset,iosevka,package,,github_repos,2026-09-26,owner:2026-09-26
be5invis/Iosevka/SuperTTC-SGr-Iosevka.zip,gh-asset,iosevka,package,,github_repos,2026-09-26,owner:2026-09-26
be5invis/Iosevka/SuperTTC-SGr-IosevkaFixed.zip,gh-asset,iosevka,package,,github_repos,2026-09-26,owner:2026-09-26
be5invis/Iosevka/SuperTTC-SGr-IosevkaTerm.zip,gh-asset,iosevka,package,,github_repos,2026-09-26,owner:2026-09-26
be5invis/Iosevka/PkgTTC-IosevkaAile.zip,gh-asset,iosevka-aile,package,,github_repos,2026-09-26,owner:2026-09-26
be5invis/Iosevka/PkgTTF-IosevkaAile.zip,gh-asset,iosevka-aile,package,,github_repos,2026-09-26,owner:2026-09-26
be5invis/Iosevka/PkgTTF-Unhinted-IosevkaAile.zip,gh-asset,iosevka-aile,package,,github_repos,2026-09-26,owner:2026-09-26
be5invis/Iosevka/PkgWebFont-IosevkaAile.zip,gh-asset,iosevka-aile,package,,github_repos,2026-09-26,owner:2026-09-26
be5invis/Iosevka/PkgWebFont-Unhinted-IosevkaAile.zip,gh-asset,iosevka-aile,package,,github_repos,2026-09-26,owner:2026-09-26
be5invis/Iosevka/SuperTTC-IosevkaAile.zip,gh-asset,iosevka-aile,package,,github_repos,2026-09-26,owner:2026-09-26
be5invis/Iosevka/PkgTTC-IosevkaCurly.zip,gh-asset,iosevka-curly,package,,github_repos,2026-09-26,owner:2026-09-26
be5invis/Iosevka/PkgTTC-SGr-IosevkaCurly.zip,gh-asset,iosevka-curly,package,,github_repos,2026-09-26,owner:2026-09-26
be5invis/Iosevka/PkgTTC-SGr-IosevkaFixedCurly.zip,gh-asset,iosevka-curly,package,,github_repos,2026-09-26,owner:2026-09-26
be5invis/Iosevka/PkgTTC-SGr-IosevkaTermCurly.zip,gh-asset,iosevka-curly,package,,github_repos,2026-09-26,owner:2026-09-26
be5invis/Iosevka/PkgTTF-IosevkaCurly.zip,gh-asset,iosevka-curly,package,,github_repos,2026-09-26,owner:2026-09-26
be5invis/Iosevka/PkgTTF-IosevkaFixedCurly.zip,gh-asset,iosevka-curly,package,,github_repos,2026-09-26,owner:2026-09-26
be5invis/Iosevka/PkgTTF-IosevkaTermCurly.zip,gh-asset,iosevka-curly,package,,github_repos,2026-09-26,owner:2026-09-26
be5invis/Iosevka/PkgTTF-Unhinted-IosevkaCurly.zip,gh-asset,iosevka-curly,package,,github_repos,2026-09-26,owner:2026-09-26
be5invis/Iosevka/PkgTTF-Unhinted-IosevkaFixedCurly.zip,gh-asset,iosevka-curly,package,,github_repos,2026-09-26,owner:2026-09-26
be5invis/Iosevka/PkgTTF-Unhinted-IosevkaTermCurly.zip,gh-asset,iosevka-curly,package,,github_repos,2026-09-26,owner:2026-09-26
be5invis/Iosevka/PkgWebFont-IosevkaCurly.zip,gh-asset,iosevka-curly,package,,github_repos,2026-09-26,owner:2026-09-26
be5invis/Iosevka/PkgWebFont-IosevkaFixedCurly.zip,gh-asset,iosevka-curly,package,,github_repos,2026-09-26,owner:2026-09-26
be5invis/Iosevka/PkgWebFont-IosevkaTermCurly.zip,gh-asset,iosevka-curly,package,,github_repos,2026-09-26,owner:2026-09-26
be5invis/Iosevka/PkgWebFont-Unhinted-IosevkaCurly.zip,gh-asset,iosevka-curly,package,,github_repos,2026-09-26,owner:2026-09-26
be5invis/Iosevka/PkgWebFont-Unhinted-IosevkaFixedCurly.zip,gh-asset,iosevka-curly,package,,github_repos,2026-09-26,owner:2026-09-26
be5invis/Iosevka/PkgWebFont-Unhinted-IosevkaTermCurly.zip,gh-asset,iosevka-curly,package,,github_repos,2026-09-26,owner:2026-09-26
be5invis/Iosevka/SuperTTC-IosevkaCurly.zip,gh-asset,iosevka-curly,package,,github_repos,2026-09-26,owner:2026-09-26
be5invis/Iosevka/SuperTTC-SGr-IosevkaCurly.zip,gh-asset,iosevka-curly,package,,github_repos,2026-09-26,owner:2026-09-26
be5invis/Iosevka/SuperTTC-SGr-IosevkaFixedCurly.zip,gh-asset,iosevka-curly,package,,github_repos,2026-09-26,owner:2026-09-26
be5invis/Iosevka/SuperTTC-SGr-IosevkaTermCurly.zip,gh-asset,iosevka-curly,package,,github_repos,2026-09-26,owner:2026-09-26
be5invis/Iosevka/PkgTTC-IosevkaCurlySlab.zip,gh-asset,iosevka-curly-slab,package,,github_repos,2026-09-26,owner:2026-09-26
be5invis/Iosevka/PkgTTC-SGr-IosevkaCurlySlab.zip,gh-asset,iosevka-curly-slab,package,,github_repos,2026-09-26,owner:2026-09-26
be5invis/Iosevka/PkgTTC-SGr-IosevkaFixedCurlySlab.zip,gh-asset,iosevka-curly-slab,package,,github_repos,2026-09-26,owner:2026-09-26
be5invis/Iosevka/PkgTTC-SGr-IosevkaTermCurlySlab.zip,gh-asset,iosevka-curly-slab,package,,github_repos,2026-09-26,owner:2026-09-26
be5invis/Iosevka/PkgTTF-IosevkaCurlySlab.zip,gh-asset,iosevka-curly-slab,package,,github_repos,2026-09-26,owner:2026-09-26
be5invis/Iosevka/PkgTTF-IosevkaFixedCurlySlab.zip,gh-asset,iosevka-curly-slab,package,,github_repos,2026-09-26,owner:2026-09-26
be5invis/Iosevka/PkgTTF-IosevkaTermCurlySlab.zip,gh-asset,iosevka-curly-slab,package,,github_repos,2026-09-26,owner:2026-09-26
be5invis/Iosevka/PkgTTF-Unhinted-IosevkaCurlySlab.zip,gh-asset,iosevka-curly-slab,package,,github_repos,2026-09-26,owner:2026-09-26
be5invis/Iosevka/PkgTTF-Unhinted-IosevkaFixedCurlySlab.zip,gh-asset,iosevka-curly-slab,package,,github_repos,2026-09-26,owner:2026-09-26
be5invis/Iosevka/PkgTTF-Unhinted-IosevkaTermCurlySlab.zip,gh-asset,iosevka-curly-slab,package,,github_repos,2026-09-26,owner:2026-09-26
be5invis/Iosevka/PkgWebFont-IosevkaCurlySlab.zip,gh-asset,iosevka-curly-slab,package,,github_repos,2026-09-26,owner:2026-09-26
be5invis/Iosevka/PkgWebFont-IosevkaFixedCurlySlab.zip,gh-asset,iosevka-curly-slab,package,,github_repos,2026-09-26,owner:2026-09-26
be5invis/Iosevka/PkgWebFont-IosevkaTermCurlySlab.zip,gh-asset,iosevka-curly-slab,package,,github_repos,2026-09-26,owner:2026-09-26
be5invis/Iosevka/PkgWebFont-Unhinted-IosevkaCurlySlab.zip,gh-asset,iosevka-curly-slab,package,,github_repos,2026-09-26,owner:2026-09-26
be5invis/Iosevka/PkgWebFont-Unhinted-IosevkaFixedCurlySlab.zip,gh-asset,iosevka-curly-slab,package,,github_repos,2026-09-26,owner:2026-09-26
be5invis/Iosevka/PkgWebFont-Unhinted-IosevkaTermCurlySlab.zip,gh-asset,iosevka-curly-slab,package,,github_repos,2026-09-26,owner:2026-09-26
be5invis/Iosevka/SuperTTC-IosevkaCurlySlab.zip,gh-asset,iosevka-curly-slab,package,,github_repos,2026-09-26,owner:2026-09-26
be5invis/Iosevka/SuperTTC-SGr-IosevkaCurlySlab.zip,gh-asset,iosevka-curly-slab,package,,github_repos,2026-09-26,owner:2026-09-26
be5invis/Iosevka/SuperTTC-SGr-IosevkaFixedCurlySlab.zip,gh-asset,iosevka-curly-slab,package,,github_repos,2026-09-26,owner:2026-09-26
be5invis/Iosevka/SuperTTC-SGr-IosevkaTermCurlySlab.zip,gh-asset,iosevka-curly-slab,package,,github_repos,2026-09-26,owner:2026-09-26
be5invis/Iosevka/PkgTTC-IosevkaEtoile.zip,gh-asset,iosevka-etoile,package,,github_repos,2026-09-26,owner:2026-09-26
be5invis/Iosevka/PkgTTF-IosevkaEtoile.zip,gh-asset,iosevka-etoile,package,,github_repos,2026-09-26,owner:2026-09-26
be5invis/Iosevka/PkgTTF-Unhinted-IosevkaEtoile.zip,gh-asset,iosevka-etoile,package,,github_repos,2026-09-26,owner:2026-09-26
be5invis/Iosevka/PkgWebFont-IosevkaEtoile.zip,gh-asset,iosevka-etoile,package,,github_repos,2026-09-26,owner:2026-09-26
be5invis/Iosevka/PkgWebFont-Unhinted-IosevkaEtoile.zip,gh-asset,iosevka-etoile,package,,github_repos,2026-09-26,owner:2026-09-26
be5invis/Iosevka/SuperTTC-IosevkaEtoile.zip,gh-asset,iosevka-etoile,package,,github_repos,2026-09-26,owner:2026-09-26
be5invis/Iosevka/PkgTTC-IosevkaSlab.zip,gh-asset,iosevka-slab,package,,github_repos,2026-09-26,owner:2026-09-26
be5invis/Iosevka/PkgTTC-SGr-IosevkaFixedSlab.zip,gh-asset,iosevka-slab,package,,github_repos,2026-09-26,owner:2026-09-26
be5invis/Iosevka/PkgTTC-SGr-IosevkaSlab.zip,gh-asset,iosevka-slab,package,,github_repos,2026-09-26,owner:2026-09-26
be5invis/Iosevka/PkgTTC-SGr-IosevkaTermSlab.zip,gh-asset,iosevka-slab,package,,github_repos,2026-09-26,owner:2026-09-26
be5invis/Iosevka/PkgTTF-IosevkaFixedSlab.zip,gh-asset,iosevka-slab,package,,github_repos,2026-09-26,owner:2026-09-26
be5invis/Iosevka/PkgTTF-IosevkaSlab.zip,gh-asset,iosevka-slab,package,,github_repos,2026-09-26,owner:2026-09-26
be5invis/Iosevka/PkgTTF-IosevkaTermSlab.zip,gh-asset,iosevka-slab,package,,github_repos,2026-09-26,owner:2026-09-26
be5invis/Iosevka/PkgTTF-Unhinted-IosevkaFixedSlab.zip,gh-asset,iosevka-slab,package,,github_repos,2026-09-26,owner:2026-09-26
be5invis/Iosevka/PkgTTF-Unhinted-IosevkaSlab.zip,gh-asset,iosevka-slab,package,,github_repos,2026-09-26,owner:2026-09-26
be5invis/Iosevka/PkgTTF-Unhinted-IosevkaTermSlab.zip,gh-asset,iosevka-slab,package,,github_repos,2026-09-26,owner:2026-09-26
be5invis/Iosevka/PkgWebFont-IosevkaFixedSlab.zip,gh-asset,iosevka-slab,package,,github_repos,2026-09-26,owner:2026-09-26
be5invis/Iosevka/PkgWebFont-IosevkaSlab.zip,gh-asset,iosevka-slab,package,,github_repos,2026-09-26,owner:2026-09-26
be5invis/Iosevka/PkgWebFont-IosevkaTermSlab.zip,gh-asset,iosevka-slab,package,,github_repos,2026-09-26,owner:2026-09-26
be5invis/Iosevka/PkgWebFont-Unhinted-IosevkaFixedSlab.zip,gh-asset,iosevka-slab,package,,github_repos,2026-09-26,owner:2026-09-26
be5invis/Iosevka/PkgWebFont-Unhinted-IosevkaSlab.zip,gh-asset,iosevka-slab,package,,github_repos,2026-09-26,owner:2026-09-26
be5invis/Iosevka/PkgWebFont-Unhinted-IosevkaTermSlab.zip,gh-asset,iosevka-slab,package,,github_repos,2026-09-26,owner:2026-09-26
be5invis/Iosevka/SuperTTC-IosevkaSlab.zip,gh-asset,iosevka-slab,package,,github_repos,2026-09-26,owner:2026-09-26
be5invis/Iosevka/SuperTTC-SGr-IosevkaFixedSlab.zip,gh-asset,iosevka-slab,package,,github_repos,2026-09-26,owner:2026-09-26
be5invis/Iosevka/SuperTTC-SGr-IosevkaSlab.zip,gh-asset,iosevka-slab,package,,github_repos,2026-09-26,owner:2026-09-26
be5invis/Iosevka/SuperTTC-SGr-IosevkaTermSlab.zip,gh-asset,iosevka-slab,package,,github_repos,2026-09-26,owner:2026-09-26
be5invis/Iosevka/PkgTTC-IosevkaSS01.zip,gh-asset,iosevka-ss01,package,,github_repos,2026-09-26,owner:2026-09-26
be5invis/Iosevka/PkgTTC-SGr-IosevkaFixedSS01.zip,gh-asset,iosevka-ss01,package,,github_repos,2026-09-26,owner:2026-09-26
be5invis/Iosevka/PkgTTC-SGr-IosevkaSS01.zip,gh-asset,iosevka-ss01,package,,github_repos,2026-09-26,owner:2026-09-26
be5invis/Iosevka/PkgTTC-SGr-IosevkaTermSS01.zip,gh-asset,iosevka-ss01,package,,github_repos,2026-09-26,owner:2026-09-26
be5invis/Iosevka/PkgTTF-IosevkaFixedSS01.zip,gh-asset,iosevka-ss01,package,,github_repos,2026-09-26,owner:2026-09-26
be5invis/Iosevka/PkgTTF-IosevkaSS01.zip,gh-asset,iosevka-ss01,package,,github_repos,2026-09-26,owner:2026-09-26
be5invis/Iosevka/PkgTTF-IosevkaTermSS01.zip,gh-asset,iosevka-ss01,package,,github_repos,2026-09-26,owner:2026-09-26
be5invis/Iosevka/PkgTTF-Unhinted-IosevkaFixedSS01.zip,gh-asset,iosevka-ss01,package,,github_repos,2026-09-26,owner:2026-09-26
be5invis/Iosevka/PkgTTF-Unhinted-IosevkaSS01.zip,gh-asset,iosevka-ss01,package,,github_repos,2026-09-26,owner:2026-09-26
be5invis/Iosevka/PkgTTF-Unhinted-IosevkaTermSS01.zip,gh-asset,iosevka-ss01,package,,github_repos,2026-09-26,owner:2026-09-26
be5invis/Iosevka/PkgWebFont-IosevkaFixedSS01.zip,gh-asset,iosevka-ss01,package,,github_repos,2026-09-26,owner:2026-09-26
be5invis/Iosevka/PkgWebFont-IosevkaSS01.zip,gh-asset,iosevka-ss01,package,,github_repos,2026-09-26,owner:2026-09-26
be5invis/Iosevka/PkgWebFont-IosevkaTermSS01.zip,gh-asset,iosevka-ss01,package,,github_repos,2026-09-26,owner:2026-09-26
be5invis/Iosevka/PkgWebFont-Unhinted-IosevkaFixedSS01.zip,gh-asset,iosevka-ss01,package,,github_repos,2026-09-26,owner:2026-09-26
be5invis/Iosevka/PkgWebFont-Unhinted-IosevkaSS01.zip,gh-asset,iosevka-ss01,package,,github_repos,2026-09-26,owner:2026-09-26
be5invis/Iosevka/PkgWebFont-Unhinted-IosevkaTermSS01.zip,gh-asset,iosevka-ss01,package,,github_repos,2026-09-26,owner:2026-09-26
be5invis/Iosevka/SuperTTC-IosevkaSS01.zip,gh-asset,iosevka-ss01,package,,github_repos,2026-09-26,owner:2026-09-26
be5invis/Iosevka/SuperTTC-SGr-IosevkaFixedSS01.zip,gh-asset,iosevka-ss01,package,,github_repos,2026-09-26,owner:2026-09-26
be5invis/Iosevka/SuperTTC-SGr-IosevkaSS01.zip,gh-asset,iosevka-ss01,package,,github_repos,2026-09-26,owner:2026-09-26
be5invis/Iosevka/SuperTTC-SGr-IosevkaTermSS01.zip,gh-asset,iosevka-ss01,package,,github_repos,2026-09-26,owner:2026-09-26
be5invis/Iosevka/PkgTTC-IosevkaSS02.zip,gh-asset,iosevka-ss02,package,,github_repos,2026-09-26,owner:2026-09-26
be5invis/Iosevka/PkgTTC-SGr-IosevkaFixedSS02.zip,gh-asset,iosevka-ss02,package,,github_repos,2026-09-26,owner:2026-09-26
be5invis/Iosevka/PkgTTC-SGr-IosevkaSS02.zip,gh-asset,iosevka-ss02,package,,github_repos,2026-09-26,owner:2026-09-26
be5invis/Iosevka/PkgTTC-SGr-IosevkaTermSS02.zip,gh-asset,iosevka-ss02,package,,github_repos,2026-09-26,owner:2026-09-26
be5invis/Iosevka/PkgTTF-IosevkaFixedSS02.zip,gh-asset,iosevka-ss02,package,,github_repos,2026-09-26,owner:2026-09-26
be5invis/Iosevka/PkgTTF-IosevkaSS02.zip,gh-asset,iosevka-ss02,package,,github_repos,2026-09-26,owner:2026-09-26
be5invis/Iosevka/PkgTTF-IosevkaTermSS02.zip,gh-asset,iosevka-ss02,package,,github_repos,2026-09-26,owner:2026-09-26
be5invis/Iosevka/PkgTTF-Unhinted-IosevkaFixedSS02.zip,gh-asset,iosevka-ss02,package,,github_repos,2026-09-26,owner:2026-09-26
be5invis/Iosevka/PkgTTF-Unhinted-IosevkaSS02.zip,gh-asset,iosevka-ss02,package,,github_repos,2026-09-26,owner:2026-09-26
be5invis/Iosevka/PkgTTF-Unhinted-IosevkaTermSS02.zip,gh-asset,iosevka-ss02,package,,github_repos,2026-09-26,owner:2026-09-26
be5invis/Iosevka/PkgWebFont-IosevkaFixedSS02.zip,gh-asset,iosevka-ss02,package,,github_repos,2026-09-26,owner:2026-09-26
be5invis/Iosevka/PkgWebFont-IosevkaSS02.zip,gh-asset,iosevka-ss02,package,,github_repos,2026-09-26,owner:2026-09-26
be5invis/Iosevka/PkgWebFont-IosevkaTermSS02.zip,gh-asset,iosevka-ss02,package,,github_repos,2026-09-26,owner:2026-09-26
be5invis/Iosevka/PkgWebFont-Unhinted-IosevkaFixedSS02.zip,gh-asset,iosevka-ss02,package,,github_repos,2026-09-26,owner:2026-09-26
be5invis/Iosevka/PkgWebFont-Unhinted-IosevkaSS02.zip,gh-asset,iosevka-ss02,package,,github_repos,2026-09-26,owner:2026-09-26
be5invis/Iosevka/PkgWebFont-Unhinted-IosevkaTermSS02.zip,gh-asset,iosevka-ss02,package,,github_repos,2026-09-26,owner:2026-09-26
be5invis/Iosevka/SuperTTC-IosevkaSS02.zip,gh-asset,iosevka-ss02,package,,github_repos,2026-09-26,owner:2026-09-26
be5invis/Iosevka/SuperTTC-SGr-IosevkaFixedSS02.zip,gh-asset,iosevka-ss02,package,,github_repos,2026-09-26,owner:2026-09-26
be5invis/Iosevka/SuperTTC-SGr-IosevkaSS02.zip,gh-asset,iosevka-ss02,package,,github_repos,2026-09-26,owner:2026-09-26
be5invis/Iosevka/SuperTTC-SGr-IosevkaTermSS02.zip,gh-asset,iosevka-ss02,package,,github_repos,2026-09-26,owner:2026-09-26
be5invis/Iosevka/PkgTTC-IosevkaSS03.zip,gh-asset,iosevka-ss03,package,,github_repos,2026-09-26,owner:2026-09-26
be5invis/Iosevka/PkgTTC-SGr-IosevkaFixedSS03.zip,gh-asset,iosevka-ss03,package,,github_repos,2026-09-26,owner:2026-09-26
be5invis/Iosevka/PkgTTC-SGr-IosevkaSS03.zip,gh-asset,iosevka-ss03,package,,github_repos,2026-09-26,owner:2026-09-26
be5invis/Iosevka/PkgTTC-SGr-IosevkaTermSS03.zip,gh-asset,iosevka-ss03,package,,github_repos,2026-09-26,owner:2026-09-26
be5invis/Iosevka/PkgTTF-IosevkaFixedSS03.zip,gh-asset,iosevka-ss03,package,,github_repos,2026-09-26,owner:2026-09-26
be5invis/Iosevka/PkgTTF-IosevkaSS03.zip,gh-asset,iosevka-ss03,package,,github_repos,2026-09-26,owner:2026-09-26
be5invis/Iosevka/PkgTTF-IosevkaTermSS03.zip,gh-asset,iosevka-ss03,package,,github_repos,2026-09-26,owner:2026-09-26
be5invis/Iosevka/PkgTTF-Unhinted-IosevkaFixedSS03.zip,gh-asset,iosevka-ss03,package,,github_repos,2026-09-26,owner:2026-09-26
be5invis/Iosevka/PkgTTF-Unhinted-IosevkaSS03.zip,gh-asset,iosevka-ss03,package,,github_repos,2026-09-26,owner:2026-09-26
be5invis/Iosevka/PkgTTF-Unhinted-IosevkaTermSS03.zip,gh-asset,iosevka-ss03,package,,github_repos,2026-09-26,owner:2026-09-26
be5invis/Iosevka/PkgWebFont-IosevkaFixedSS03.zip,gh-asset,iosevka-ss03,package,,github_repos,2026-09-26,owner:2026-09-26
be5invis/Iosevka/PkgWebFont-IosevkaSS03.zip,gh-asset,iosevka-ss03,package,,github_repos,2026-09-26,owner:2026-09-26
be5invis/Iosevka/PkgWebFont-IosevkaTermSS03.zip,gh-asset,iosevka-ss03,package,,github_repos,2026-09-26,owner:2026-09-26
be5invis/Iosevka/PkgWebFont-Unhinted-IosevkaFixedSS03.zip,gh-asset,iosevka-ss03,package,,github_repos,2026-09-26,owner:2026-09-26
be5invis/Iosevka/PkgWebFont-Unhinted-IosevkaSS03.zip,gh-asset,iosevka-ss03,package,,github_repos,2026-09-26,owner:2026-09-26
be5invis/Iosevka/PkgWebFont-Unhinted-IosevkaTermSS03.zip,gh-asset,iosevka-ss03,package,,github_repos,2026-09-26,owner:2026-09-26
be5invis/Iosevka/SuperTTC-IosevkaSS03.zip,gh-asset,iosevka-ss03,package,,github_repos,2026-09-26,owner:2026-09-26
be5invis/Iosevka/SuperTTC-SGr-IosevkaFixedSS03.zip,gh-asset,iosevka-ss03,package,,github_repos,2026-09-26,owner:2026-09-26
be5invis/Iosevka/SuperTTC-SGr-IosevkaSS03.zip,gh-asset,iosevka-ss03,package,,github_repos,2026-09-26,owner:2026-09-26
be5invis/Iosevka/SuperTTC-SGr-IosevkaTermSS03.zip,gh-asset,iosevka-ss03,package,,github_repos,2026-09-26,owner:2026-09-26
be5invis/Iosevka/PkgTTC-IosevkaSS04.zip,gh-asset,iosevka-ss04,package,,github_repos,2026-09-26,owner:2026-09-26
be5invis/Iosevka/PkgTTC-SGr-IosevkaFixedSS04.zip,gh-asset,iosevka-ss04,package,,github_repos,2026-09-26,owner:2026-09-26
be5invis/Iosevka/PkgTTC-SGr-IosevkaSS04.zip,gh-asset,iosevka-ss04,package,,github_repos,2026-09-26,owner:2026-09-26
be5invis/Iosevka/PkgTTC-SGr-IosevkaTermSS04.zip,gh-asset,iosevka-ss04,package,,github_repos,2026-09-26,owner:2026-09-26
be5invis/Iosevka/PkgTTF-IosevkaFixedSS04.zip,gh-asset,iosevka-ss04,package,,github_repos,2026-09-26,owner:2026-09-26
be5invis/Iosevka/PkgTTF-IosevkaSS04.zip,gh-asset,iosevka-ss04,package,,github_repos,2026-09-26,owner:2026-09-26
be5invis/Iosevka/PkgTTF-IosevkaTermSS04.zip,gh-asset,iosevka-ss04,package,,github_repos,2026-09-26,owner:2026-09-26
be5invis/Iosevka/PkgTTF-Unhinted-IosevkaFixedSS04.zip,gh-asset,iosevka-ss04,package,,github_repos,2026-09-26,owner:2026-09-26
be5invis/Iosevka/PkgTTF-Unhinted-IosevkaSS04.zip,gh-asset,iosevka-ss04,package,,github_repos,2026-09-26,owner:2026-09-26
be5invis/Iosevka/PkgTTF-Unhinted-IosevkaTermSS04.zip,gh-asset,iosevka-ss04,package,,github_repos,2026-09-26,owner:2026-09-26
be5invis/Iosevka/PkgWebFont-IosevkaFixedSS04.zip,gh-asset,iosevka-ss04,package,,github_repos,2026-09-26,owner:2026-09-26
be5invis/Iosevka/PkgWebFont-IosevkaSS04.zip,gh-asset,iosevka-ss04,package,,github_repos,2026-09-26,owner:2026-09-26
be5invis/Iosevka/PkgWebFont-IosevkaTermSS04.zip,gh-asset,iosevka-ss04,package,,github_repos,2026-09-26,owner:2026-09-26
be5invis/Iosevka/PkgWebFont-Unhinted-IosevkaFixedSS04.zip,gh-asset,iosevka-ss04,package,,github_repos,2026-09-26,owner:2026-09-26
be5invis/Iosevka/PkgWebFont-Unhinted-IosevkaSS04.zip,gh-asset,iosevka-ss04,package,,github_repos,2026-09-26,owner:2026-09-26
be5invis/Iosevka/PkgWebFont-Unhinted-IosevkaTermSS04.zip,gh-asset,iosevka-ss04,package,,github_repos,2026-09-26,owner:2026-09-26
be5invis/Iosevka/SuperTTC-IosevkaSS04.zip,gh-asset,iosevka-ss04,package,,github_repos,2026-09-26,owner:2026-09-26
be5invis/Iosevka/SuperTTC-SGr-IosevkaFixedSS04.zip,gh-asset,iosevka-ss04,package,,github_repos,2026-09-26,owner:2026-09-26
be5invis/Iosevka/SuperTTC-SGr-IosevkaSS04.zip,gh-asset,iosevka-ss04,package,,github_repos,2026-09-26,owner:2026-09-26
be5invis/Iosevka/SuperTTC-SGr-IosevkaTermSS04.zip,gh-asset,iosevka-ss04,package,,github_repos,2026-09-26,owner:2026-09-26
be5invis/Iosevka/PkgTTC-IosevkaSS05.zip,gh-asset,iosevka-ss05,package,,github_repos,2026-09-26,owner:2026-09-26
be5invis/Iosevka/PkgTTC-SGr-IosevkaFixedSS05.zip,gh-asset,iosevka-ss05,package,,github_repos,2026-09-26,owner:2026-09-26
be5invis/Iosevka/PkgTTC-SGr-IosevkaSS05.zip,gh-asset,iosevka-ss05,package,,github_repos,2026-09-26,owner:2026-09-26
be5invis/Iosevka/PkgTTC-SGr-IosevkaTermSS05.zip,gh-asset,iosevka-ss05,package,,github_repos,2026-09-26,owner:2026-09-26
be5invis/Iosevka/PkgTTF-IosevkaFixedSS05.zip,gh-asset,iosevka-ss05,package,,github_repos,2026-09-26,owner:2026-09-26
be5invis/Iosevka/PkgTTF-IosevkaSS05.zip,gh-asset,iosevka-ss05,package,,github_repos,2026-09-26,owner:2026-09-26
be5invis/Iosevka/PkgTTF-IosevkaTermSS05.zip,gh-asset,iosevka-ss05,package,,github_repos,2026-09-26,owner:2026-09-26
be5invis/Iosevka/PkgTTF-Unhinted-IosevkaFixedSS05.zip,gh-asset,iosevka-ss05,package,,github_repos,2026-09-26,owner:2026-09-26
be5invis/Iosevka/PkgTTF-Unhinted-IosevkaSS05.zip,gh-asset,iosevka-ss05,package,,github_repos,2026-09-26,owner:2026-09-26
be5invis/Iosevka/PkgTTF-Unhinted-IosevkaTermSS05.zip,gh-asset,iosevka-ss05,package,,github_repos,2026-09-26,owner:2026-09-26
be5invis/Iosevka/PkgWebFont-IosevkaFixedSS05.zip,gh-asset,iosevka-ss05,package,,github_repos,2026-09-26,owner:2026-09-26
be5invis/Iosevka/PkgWebFont-IosevkaSS05.zip,gh-asset,iosevka-ss05,package,,github_repos,2026-09-26,owner:2026-09-26
be5invis/Iosevka/PkgWebFont-IosevkaTermSS05.zip,gh-asset,iosevka-ss05,package,,github_repos,2026-09-26,owner:2026-09-26
be5invis/Iosevka/PkgWebFont-Unhinted-IosevkaFixedSS05.zip,gh-asset,iosevka-ss05,package,,github_repos,2026-09-26,owner:2026-09-26
be5invis/Iosevka/PkgWebFont-Unhinted-IosevkaSS05.zip,gh-asset,iosevka-ss05,package,,github_repos,2026-09-26,owner:2026-09-26
be5invis/Iosevka/PkgWebFont-Unhinted-IosevkaTermSS05.zip,gh-asset,iosevka-ss05,package,,github_repos,2026-09-26,owner:2026-09-26
be5invis/Iosevka/SuperTTC-IosevkaSS05.zip,gh-asset,iosevka-ss05,package,,github_repos,2026-09-26,owner:2026-09-26
be5invis/Iosevka/SuperTTC-SGr-IosevkaFixedSS05.zip,gh-asset,iosevka-ss05,package,,github_repos,2026-09-26,owner:2026-09-26
be5invis/Iosevka/SuperTTC-SGr-IosevkaSS05.zip,gh-asset,iosevka-ss05,package,,github_repos,2026-09-26,owner:2026-09-26
be5invis/Iosevka/SuperTTC-SGr-IosevkaTermSS05.zip,gh-asset,iosevka-ss05,package,,github_repos,2026-09-26,owner:2026-09-26
be5invis/Iosevka/PkgTTC-IosevkaSS06.zip,gh-asset,iosevka-ss06,package,,github_repos,2026-09-26,owner:2026-09-26
be5invis/Iosevka/PkgTTC-SGr-IosevkaFixedSS06.zip,gh-asset,iosevka-ss06,package,,github_repos,2026-09-26,owner:2026-09-26
be5invis/Iosevka/PkgTTC-SGr-IosevkaSS06.zip,gh-asset,iosevka-ss06,package,,github_repos,2026-09-26,owner:2026-09-26
be5invis/Iosevka/PkgTTC-SGr-IosevkaTermSS06.zip,gh-asset,iosevka-ss06,package,,github_repos,2026-09-26,owner:2026-09-26
be5invis/Iosevka/PkgTTF-IosevkaFixedSS06.zip,gh-asset,iosevka-ss06,package,,github_repos,2026-09-26,owner:2026-09-26
be5invis/Iosevka/PkgTTF-IosevkaSS06.zip,gh-asset,iosevka-ss06,package,,github_repos,2026-09-26,owner:2026-09-26
be5invis/Iosevka/PkgTTF-IosevkaTermSS06.zip,gh-asset,iosevka-ss06,package,,github_repos,2026-09-26,owner:2026-09-26
be5invis/Iosevka/PkgTTF-Unhinted-IosevkaFixedSS06.zip,gh-asset,iosevka-ss06,package,,github_repos,2026-09-26,owner:2026-09-26
be5invis/Iosevka/PkgTTF-Unhinted-IosevkaSS06.zip,gh-asset,iosevka-ss06,package,,github_repos,2026-09-26,owner:2026-09-26
be5invis/Iosevka/PkgTTF-Unhinted-IosevkaTermSS06.zip,gh-asset,iosevka-ss06,package,,github_repos,2026-09-26,owner:2026-09-26
be5invis/Iosevka/PkgWebFont-IosevkaFixedSS06.zip,gh-asset,iosevka-ss06,package,,github_repos,2026-09-26,owner:2026-09-26
be5invis/Iosevka/PkgWebFont-IosevkaSS06.zip,gh-asset,iosevka-ss06,package,,github_repos,2026-09-26,owner:2026-09-26
be5invis/Iosevka/PkgWebFont-IosevkaTermSS06.zip,gh-asset,iosevka-ss06,package,,github_repos,2026-09-26,owner:2026-09-26
be5invis/Iosevka/PkgWebFont-Unhinted-IosevkaFixedSS06.zip,gh-asset,iosevka-ss06,package,,github_repos,2026-09-26,owner:2026-09-26
be5invis/Iosevka/PkgWebFont-Unhinted-IosevkaSS06.zip,gh-asset,iosevka-ss06,package,,github_repos,2026-09-26,owner:2026-09-26
be5invis/Iosevka/PkgWebFont-Unhinted-IosevkaTermSS06.zip,gh-asset,iosevka-ss06,package,,github_repos,2026-09-26,owner:2026-09-26
be5invis/Iosevka/SuperTTC-IosevkaSS06.zip,gh-asset,iosevka-ss06,package,,github_repos,2026-09-26,owner:2026-09-26
be5invis/Iosevka/SuperTTC-SGr-IosevkaFixedSS06.zip,gh-asset,iosevka-ss06,package,,github_repos,2026-09-26,owner:2026-09-26
be5invis/Iosevka/SuperTTC-SGr-IosevkaSS06.zip,gh-asset,iosevka-ss06,package,,github_repos,2026-09-26,owner:2026-09-26
be5invis/Iosevka/SuperTTC-SGr-IosevkaTermSS06.zip,gh-asset,iosevka-ss06,package,,github_repos,2026-09-26,owner:2026-09-26
be5invis/Iosevka/PkgTTC-IosevkaSS07.zip,gh-asset,iosevka-ss07,package,,github_repos,2026-09-26,owner:2026-09-26
be5invis/Iosevka/PkgTTC-SGr-IosevkaFixedSS07.zip,gh-asset,iosevka-ss07,package,,github_repos,2026-09-26,owner:2026-09-26
be5invis/Iosevka/PkgTTC-SGr-IosevkaSS07.zip,gh-asset,iosevka-ss07,package,,github_repos,2026-09-26,owner:2026-09-26
be5invis/Iosevka/PkgTTC-SGr-IosevkaTermSS07.zip,gh-asset,iosevka-ss07,package,,github_repos,2026-09-26,owner:2026-09-26
be5invis/Iosevka/PkgTTF-IosevkaFixedSS07.zip,gh-asset,iosevka-ss07,package,,github_repos,2026-09-26,owner:2026-09-26
be5invis/Iosevka/PkgTTF-IosevkaSS07.zip,gh-asset,iosevka-ss07,package,,github_repos,2026-09-26,owner:2026-09-26
be5invis/Iosevka/PkgTTF-IosevkaTermSS07.zip,gh-asset,iosevka-ss07,package,,github_repos,2026-09-26,owner:2026-09-26
be5invis/Iosevka/PkgTTF-Unhinted-IosevkaFixedSS07.zip,gh-asset,iosevka-ss07,package,,github_repos,2026-09-26,owner:2026-09-26
be5invis/Iosevka/PkgTTF-Unhinted-IosevkaSS07.zip,gh-asset,iosevka-ss07,package,,github_repos,2026-09-26,owner:2026-09-26
be5invis/Iosevka/PkgTTF-Unhinted-IosevkaTermSS07.zip,gh-asset,iosevka-ss07,package,,github_repos,2026-09-26,owner:2026-09-26
be5invis/Iosevka/PkgWebFont-IosevkaFixedSS07.zip,gh-asset,iosevka-ss07,package,,github_repos,2026-09-26,owner:2026-09-26
be5invis/Iosevka/PkgWebFont-IosevkaSS07.zip,gh-asset,iosevka-ss07,package,,github_repos,2026-09-26,owner:2026-09-26
be5invis/Iosevka/PkgWebFont-IosevkaTermSS07.zip,gh-asset,iosevka-ss07,package,,github_repos,2026-09-26,owner:2026-09-26
be5invis/Iosevka/PkgWebFont-Unhinted-IosevkaFixedSS07.zip,gh-asset,iosevka-ss07,package,,github_repos,2026-09-26,owner:2026-09-26
be5invis/Iosevka/PkgWebFont-Unhinted-IosevkaSS07.zip,gh-asset,iosevka-ss07,package,,github_repos,2026-09-26,owner:2026-09-26
be5invis/Iosevka/PkgWebFont-Unhinted-IosevkaTermSS07.zip,gh-asset,iosevka-ss07,package,,github_repos,2026-09-26,owner:2026-09-26
be5invis/Iosevka/SuperTTC-IosevkaSS07.zip,gh-asset,iosevka-ss07,package,,github_repos,2026-09-26,owner:2026-09-26
be5invis/Iosevka/SuperTTC-SGr-IosevkaFixedSS07.zip,gh-asset,iosevka-ss07,package,,github_repos,2026-09-26,owner:2026-09-26
be5invis/Iosevka/SuperTTC-SGr-IosevkaSS07.zip,gh-asset,iosevka-ss07,package,,github_repos,2026-09-26,owner:2026-09-26
be5invis/Iosevka/SuperTTC-SGr-IosevkaTermSS07.zip,gh-asset,iosevka-ss07,package,,github_repos,2026-09-26,owner:2026-09-26
be5invis/Iosevka/PkgTTC-IosevkaSS08.zip,gh-asset,iosevka-ss08,package,,github_repos,2026-09-26,owner:2026-09-26
be5invis/Iosevka/PkgTTC-SGr-IosevkaFixedSS08.zip,gh-asset,iosevka-ss08,package,,github_repos,2026-09-26,owner:2026-09-26
be5invis/Iosevka/PkgTTC-SGr-IosevkaSS08.zip,gh-asset,iosevka-ss08,package,,github_repos,2026-09-26,owner:2026-09-26
be5invis/Iosevka/PkgTTC-SGr-IosevkaTermSS08.zip,gh-asset,iosevka-ss08,package,,github_repos,2026-09-26,owner:2026-09-26
be5invis/Iosevka/PkgTTF-IosevkaFixedSS08.zip,gh-asset,iosevka-ss08,package,,github_repos,2026-09-26,owner:2026-09-26
be5invis/Iosevka/PkgTTF-IosevkaSS08.zip,gh-asset,iosevka-ss08,package,,github_repos,2026-09-26,owner:2026-09-26
be5invis/Iosevka/PkgTTF-IosevkaTermSS08.zip,gh-asset,iosevka-ss08,package,,github_repos,2026-09-26,owner:2026-09-26
be5invis/Iosevka/PkgTTF-Unhinted-IosevkaFixedSS08.zip,gh-asset,iosevka-ss08,package,,github_repos,2026-09-26,owner:2026-09-26
be5invis/Iosevka/PkgTTF-Unhinted-IosevkaSS08.zip,gh-asset,iosevka-ss08,package,,github_repos,2026-09-26,owner:2026-09-26
be5invis/Iosevka/PkgTTF-Unhinted-IosevkaTermSS08.zip,gh-asset,iosevka-ss08,package,,github_repos,2026-09-26,owner:2026-09-26
be5invis/Iosevka/PkgWebFont-IosevkaFixedSS08.zip,gh-asset,iosevka-ss08,package,,github_repos,2026-09-26,owner:2026-09-26
be5invis/Iosevka/PkgWebFont-IosevkaSS08.zip,gh-asset,iosevka-ss08,package,,github_repos,2026-09-26,owner:2026-09-26
be5invis/Iosevka/PkgWebFont-IosevkaTermSS08.zip,gh-asset,iosevka-ss08,package,,github_repos,2026-09-26,owner:2026-09-26
be5invis/Iosevka/PkgWebFont-Unhinted-IosevkaFixedSS08.zip,gh-asset,iosevka-ss08,package,,github_repos,2026-09-26,owner:2026-09-26
be5invis/Iosevka/PkgWebFont-Unhinted-IosevkaSS08.zip,gh-asset,iosevka-ss08,package,,github_repos,2026-09-26,owner:2026-09-26
be5invis/Iosevka/PkgWebFont-Unhinted-IosevkaTermSS08.zip,gh-asset,iosevka-ss08,package,,github_repos,2026-09-26,owner:2026-09-26
be5invis/Iosevka/SuperTTC-IosevkaSS08.zip,gh-asset,iosevka-ss08,package,,github_repos,2026-09-26,owner:2026-09-26
be5invis/Iosevka/SuperTTC-SGr-IosevkaFixedSS08.zip,gh-asset,iosevka-ss08,package,,github_repos,2026-09-26,owner:2026-09-26
be5invis/Iosevka/SuperTTC-SGr-IosevkaSS08.zip,gh-asset,iosevka-ss08,package,,github_repos,2026-09-26,owner:2026-09-26
be5invis/Iosevka/SuperTTC-SGr-IosevkaTermSS08.zip,gh-asset,iosevka-ss08,package,,github_repos,2026-09-26,owner:2026-09-26
be5invis/Iosevka/PkgTTC-IosevkaSS09.zip,gh-asset,iosevka-ss09,package,,github_repos,2026-09-26,owner:2026-09-26
be5invis/Iosevka/PkgTTC-SGr-IosevkaFixedSS09.zip,gh-asset,iosevka-ss09,package,,github_repos,2026-09-26,owner:2026-09-26
be5invis/Iosevka/PkgTTC-SGr-IosevkaSS09.zip,gh-asset,iosevka-ss09,package,,github_repos,2026-09-26,owner:2026-09-26
be5invis/Iosevka/PkgTTC-SGr-IosevkaTermSS09.zip,gh-asset,iosevka-ss09,package,,github_repos,2026-09-26,owner:2026-09-26
be5invis/Iosevka/PkgTTF-IosevkaFixedSS09.zip,gh-asset,iosevka-ss09,package,,github_repos,2026-09-26,owner:2026-09-26
be5invis/Iosevka/PkgTTF-IosevkaSS09.zip,gh-asset,iosevka-ss09,package,,github_repos,2026-09-26,owner:2026-09-26
be5invis/Iosevka/PkgTTF-IosevkaTermSS09.zip,gh-asset,iosevka-ss09,package,,github_repos,2026-09-26,owner:2026-09-26
be5invis/Iosevka/PkgTTF-Unhinted-IosevkaFixedSS09.zip,gh-asset,iosevka-ss09,package,,github_repos,2026-09-26,owner:2026-09-26
be5invis/Iosevka/PkgTTF-Unhinted-IosevkaSS09.zip,gh-asset,iosevka-ss09,package,,github_repos,2026-09-26,owner:2026-09-26
be5invis/Iosevka/PkgTTF-Unhinted-IosevkaTermSS09.zip,gh-asset,iosevka-ss09,package,,github_repos,2026-09-26,owner:2026-09-26
be5invis/Iosevka/PkgWebFont-IosevkaFixedSS09.zip,gh-asset,iosevka-ss09,package,,github_repos,2026-09-26,owner:2026-09-26
be5invis/Iosevka/PkgWebFont-IosevkaSS09.zip,gh-asset,iosevka-ss09,package,,github_repos,2026-09-26,owner:2026-09-26
be5invis/Iosevka/PkgWebFont-IosevkaTermSS09.zip,gh-asset,iosevka-ss09,package,,github_repos,2026-09-26,owner:2026-09-26
be5invis/Iosevka/PkgWebFont-Unhinted-IosevkaFixedSS09.zip,gh-asset,iosevka-ss09,package,,github_repos,2026-09-26,owner:2026-09-26
be5invis/Iosevka/PkgWebFont-Unhinted-IosevkaSS09.zip,gh-asset,iosevka-ss09,package,,github_repos,2026-09-26,owner:2026-09-26
be5invis/Iosevka/PkgWebFont-Unhinted-IosevkaTermSS09.zip,gh-asset,iosevka-ss09,package,,github_repos,2026-09-26,owner:2026-09-26
be5invis/Iosevka/SuperTTC-IosevkaSS09.zip,gh-asset,iosevka-ss09,package,,github_repos,2026-09-26,owner:2026-09-26
be5invis/Iosevka/SuperTTC-SGr-IosevkaFixedSS09.zip,gh-asset,iosevka-ss09,package,,github_repos,2026-09-26,owner:2026-09-26
be5invis/Iosevka/SuperTTC-SGr-IosevkaSS09.zip,gh-asset,iosevka-ss09,package,,github_repos,2026-09-26,owner:2026-09-26
be5invis/Iosevka/SuperTTC-SGr-IosevkaTermSS09.zip,gh-asset,iosevka-ss09,package,,github_repos,2026-09-26,owner:2026-09-26
be5invis/Iosevka/PkgTTC-IosevkaSS10.zip,gh-asset,iosevka-ss10,package,,github_repos,2026-09-26,owner:2026-09-26
be5invis/Iosevka/PkgTTC-SGr-IosevkaFixedSS10.zip,gh-asset,iosevka-ss10,package,,github_repos,2026-09-26,owner:2026-09-26
be5invis/Iosevka/PkgTTC-SGr-IosevkaSS10.zip,gh-asset,iosevka-ss10,package,,github_repos,2026-09-26,owner:2026-09-26
be5invis/Iosevka/PkgTTC-SGr-IosevkaTermSS10.zip,gh-asset,iosevka-ss10,package,,github_repos,2026-09-26,owner:2026-09-26
be5invis/Iosevka/PkgTTF-IosevkaFixedSS10.zip,gh-asset,iosevka-ss10,package,,github_repos,2026-09-26,owner:2026-09-26
be5invis/Iosevka/PkgTTF-IosevkaSS10.zip,gh-asset,iosevka-ss10,package,,github_repos,2026-09-26,owner:2026-09-26
be5invis/Iosevka/PkgTTF-IosevkaTermSS10.zip,gh-asset,iosevka-ss10,package,,github_repos,2026-09-26,owner:2026-09-26
be5invis/Iosevka/PkgTTF-Unhinted-IosevkaFixedSS10.zip,gh-asset,iosevka-ss10,package,,github_repos,2026-09-26,owner:2026-09-26
be5invis/Iosevka/PkgTTF-Unhinted-IosevkaSS10.zip,gh-asset,iosevka-ss10,package,,github_repos,2026-09-26,owner:2026-09-26
be5invis/Iosevka/PkgTTF-Unhinted-IosevkaTermSS10.zip,gh-asset,iosevka-ss10,package,,github_repos,2026-09-26,owner:2026-09-26
be5invis/Iosevka/PkgWebFont-IosevkaFixedSS10.zip,gh-asset,iosevka-ss10,package,,github_repos,2026-09-26,owner:2026-09-26
be5invis/Iosevka/PkgWebFont-IosevkaSS10.zip,gh-asset,iosevka-ss10,package,,github_repos,2026-09-26,owner:2026-09-26
be5invis/Iosevka/PkgWebFont-IosevkaTermSS10.zip,gh-asset,iosevka-ss10,package,,github_repos,2026-09-26,owner:2026-09-26
be5invis/Iosevka/PkgWebFont-Unhinted-IosevkaFixedSS10.zip,gh-asset,iosevka-ss10,package,,github_repos,2026-09-26,owner:2026-09-26
be5invis/Iosevka/PkgWebFont-Unhinted-IosevkaSS10.zip,gh-asset,iosevka-ss10,package,,github_repos,2026-09-26,owner:2026-09-26
be5invis/Iosevka/PkgWebFont-Unhinted-IosevkaTermSS10.zip,gh-asset,iosevka-ss10,package,,github_repos,2026-09-26,owner:2026-09-26
be5invis/Iosevka/SuperTTC-IosevkaSS10.zip,gh-asset,iosevka-ss10,package,,github_repos,2026-09-26,owner:2026-09-26
be5invis/Iosevka/SuperTTC-SGr-IosevkaFixedSS10.zip,gh-asset,iosevka-ss10,package,,github_repos,2026-09-26,owner:2026-09-26
be5invis/Iosevka/SuperTTC-SGr-IosevkaSS10.zip,gh-asset,iosevka-ss10,package,,github_repos,2026-09-26,owner:2026-09-26
be5invis/Iosevka/SuperTTC-SGr-IosevkaTermSS10.zip,gh-asset,iosevka-ss10,package,,github_repos,2026-09-26,owner:2026-09-26
be5invis/Iosevka/PkgTTC-IosevkaSS11.zip,gh-asset,iosevka-ss11,package,,github_repos,2026-09-26,owner:2026-09-26
be5invis/Iosevka/PkgTTC-SGr-IosevkaFixedSS11.zip,gh-asset,iosevka-ss11,package,,github_repos,2026-09-26,owner:2026-09-26
be5invis/Iosevka/PkgTTC-SGr-IosevkaSS11.zip,gh-asset,iosevka-ss11,package,,github_repos,2026-09-26,owner:2026-09-26
be5invis/Iosevka/PkgTTC-SGr-IosevkaTermSS11.zip,gh-asset,iosevka-ss11,package,,github_repos,2026-09-26,owner:2026-09-26
be5invis/Iosevka/PkgTTF-IosevkaFixedSS11.zip,gh-asset,iosevka-ss11,package,,github_repos,2026-09-26,owner:2026-09-26
be5invis/Iosevka/PkgTTF-IosevkaSS11.zip,gh-asset,iosevka-ss11,package,,github_repos,2026-09-26,owner:2026-09-26
be5invis/Iosevka/PkgTTF-IosevkaTermSS11.zip,gh-asset,iosevka-ss11,package,,github_repos,2026-09-26,owner:2026-09-26
be5invis/Iosevka/PkgTTF-Unhinted-IosevkaFixedSS11.zip,gh-asset,iosevka-ss11,package,,github_repos,2026-09-26,owner:2026-09-26
be5invis/Iosevka/PkgTTF-Unhinted-IosevkaSS11.zip,gh-asset,iosevka-ss11,package,,github_repos,2026-09-26,owner:2026-09-26
be5invis/Iosevka/PkgTTF-Unhinted-IosevkaTermSS11.zip,gh-asset,iosevka-ss11,package,,github_repos,2026-09-26,owner:2026-09-26
be5invis/Iosevka/PkgWebFont-IosevkaFixedSS11.zip,gh-asset,iosevka-ss11,package,,github_repos,2026-09-26,owner:2026-09-26
be5invis/Iosevka/PkgWebFont-IosevkaSS11.zip,gh-asset,iosevka-ss11,package,,github_repos,2026-09-26,owner:2026-09-26
be5invis/Iosevka/PkgWebFont-IosevkaTermSS11.zip,gh-asset,iosevka-ss11,package,,github_repos,2026-09-26,owner:2026-09-26
be5invis/Iosevka/PkgWebFont-Unhinted-IosevkaFixedSS11.zip,gh-asset,iosevka-ss11,package,,github_repos,2026-09-26,owner:2026-09-26
be5invis/Iosevka/PkgWebFont-Unhinted-IosevkaSS11.zip,gh-asset,iosevka-ss11,package,,github_repos,2026-09-26,owner:2026-09-26
be5invis/Iosevka/PkgWebFont-Unhinted-IosevkaTermSS11.zip,gh-asset,iosevka-ss11,package,,github_repos,2026-09-26,owner:2026-09-26
be5invis/Iosevka/SuperTTC-IosevkaSS11.zip,gh-asset,iosevka-ss11,package,,github_repos,2026-09-26,owner:2026-09-26
be5invis/Iosevka/SuperTTC-SGr-IosevkaFixedSS11.zip,gh-asset,iosevka-ss11,package,,github_repos,2026-09-26,owner:2026-09-26
be5invis/Iosevka/SuperTTC-SGr-IosevkaSS11.zip,gh-asset,iosevka-ss11,package,,github_repos,2026-09-26,owner:2026-09-26
be5invis/Iosevka/SuperTTC-SGr-IosevkaTermSS11.zip,gh-asset,iosevka-ss11,package,,github_repos,2026-09-26,owner:2026-09-26
be5invis/Iosevka/PkgTTC-IosevkaSS12.zip,gh-asset,iosevka-ss12,package,,github_repos,2026-09-26,owner:2026-09-26
be5invis/Iosevka/PkgTTC-SGr-IosevkaFixedSS12.zip,gh-asset,iosevka-ss12,package,,github_repos,2026-09-26,owner:2026-09-26
be5invis/Iosevka/PkgTTC-SGr-IosevkaSS12.zip,gh-asset,iosevka-ss12,package,,github_repos,2026-09-26,owner:2026-09-26
be5invis/Iosevka/PkgTTC-SGr-IosevkaTermSS12.zip,gh-asset,iosevka-ss12,package,,github_repos,2026-09-26,owner:2026-09-26
be5invis/Iosevka/PkgTTF-IosevkaFixedSS12.zip,gh-asset,iosevka-ss12,package,,github_repos,2026-09-26,owner:2026-09-26
be5invis/Iosevka/PkgTTF-IosevkaSS12.zip,gh-asset,iosevka-ss12,package,,github_repos,2026-09-26,owner:2026-09-26
be5invis/Iosevka/PkgTTF-IosevkaTermSS12.zip,gh-asset,iosevka-ss12,package,,github_repos,2026-09-26,owner:2026-09-26
be5invis/Iosevka/PkgTTF-Unhinted-IosevkaFixedSS12.zip,gh-asset,iosevka-ss12,package,,github_repos,2026-09-26,owner:2026-09-26
be5invis/Iosevka/PkgTTF-Unhinted-IosevkaSS12.zip,gh-asset,iosevka-ss12,package,,github_repos,2026-09-26,owner:2026-09-26
be5invis/Iosevka/PkgTTF-Unhinted-IosevkaTermSS12.zip,gh-asset,iosevka-ss12,package,,github_repos,2026-09-26,owner:2026-09-26
be5invis/Iosevka/PkgWebFont-IosevkaFixedSS12.zip,gh-asset,iosevka-ss12,package,,github_repos,2026-09-26,owner:2026-09-26
be5invis/Iosevka/PkgWebFont-IosevkaSS12.zip,gh-asset,iosevka-ss12,package,,github_repos,2026-09-26,owner:2026-09-26
be5invis/Iosevka/PkgWebFont-IosevkaTermSS12.zip,gh-asset,iosevka-ss12,package,,github_repos,2026-09-26,owner:2026-09-26
be5invis/Iosevka/PkgWebFont-Unhinted-IosevkaFixedSS12.zip,gh-asset,iosevka-ss12,package,,github_repos,2026-09-26,owner:2026-09-26
be5invis/Iosevka/PkgWebFont-Unhinted-IosevkaSS12.zip,gh-asset,iosevka-ss12,package,,github_repos,2026-09-26,owner:2026-09-26
be5invis/Iosevka/PkgWebFont-Unhinted-IosevkaTermSS12.zip,gh-asset,iosevka-ss12,package,,github_repos,2026-09-26,owner:2026-09-26
be5invis/Iosevka/SuperTTC-IosevkaSS12.zip,gh-asset,iosevka-ss12,package,,github_repos,2026-09-26,owner:2026-09-26
be5invis/Iosevka/SuperTTC-SGr-IosevkaFixedSS12.zip,gh-asset,iosevka-ss12,package,,github_repos,2026-09-26,owner:2026-09-26
be5invis/Iosevka/SuperTTC-SGr-IosevkaSS12.zip,gh-asset,iosevka-ss12,package,,github_repos,2026-09-26,owner:2026-09-26
be5invis/Iosevka/SuperTTC-SGr-IosevkaTermSS12.zip,gh-asset,iosevka-ss12,package,,github_repos,2026-09-26,owner:2026-09-26
be5invis/Iosevka/PkgTTC-IosevkaSS13.zip,gh-asset,iosevka-ss13,package,,github_repos,2026-09-26,owner:2026-09-26
be5invis/Iosevka/PkgTTC-SGr-IosevkaFixedSS13.zip,gh-asset,iosevka-ss13,package,,github_repos,2026-09-26,owner:2026-09-26
be5invis/Iosevka/PkgTTC-SGr-IosevkaSS13.zip,gh-asset,iosevka-ss13,package,,github_repos,2026-09-26,owner:2026-09-26
be5invis/Iosevka/PkgTTC-SGr-IosevkaTermSS13.zip,gh-asset,iosevka-ss13,package,,github_repos,2026-09-26,owner:2026-09-26
be5invis/Iosevka/PkgTTF-IosevkaFixedSS13.zip,gh-asset,iosevka-ss13,package,,github_repos,2026-09-26,owner:2026-09-26
be5invis/Iosevka/PkgTTF-IosevkaSS13.zip,gh-asset,iosevka-ss13,package,,github_repos,2026-09-26,owner:2026-09-26
be5invis/Iosevka/PkgTTF-IosevkaTermSS13.zip,gh-asset,iosevka-ss13,package,,github_repos,2026-09-26,owner:2026-09-26
be5invis/Iosevka/PkgTTF-Unhinted-IosevkaFixedSS13.zip,gh-asset,iosevka-ss13,package,,github_repos,2026-09-26,owner:2026-09-26
be5invis/Iosevka/PkgTTF-Unhinted-IosevkaSS13.zip,gh-asset,iosevka-ss13,package,,github_repos,2026-09-26,owner:2026-09-26
be5invis/Iosevka/PkgTTF-Unhinted-IosevkaTermSS13.zip,gh-asset,iosevka-ss13,package,,github_repos,2026-09-26,owner:2026-09-26
be5invis/Iosevka/PkgWebFont-IosevkaFixedSS13.zip,gh-asset,iosevka-ss13,package,,github_repos,2026-09-26,owner:2026-09-26
be5invis/Iosevka/PkgWebFont-IosevkaSS13.zip,gh-asset,iosevka-ss13,package,,github_repos,2026-09-26,owner:2026-09-26
be5invis/Iosevka/PkgWebFont-IosevkaTermSS13.zip,gh-asset,iosevka-ss13,package,,github_repos,2026-09-26,owner:2026-09-26
be5invis/Iosevka/PkgWebFont-Unhinted-IosevkaFixedSS13.zip,gh-asset,iosevka-ss13,package,,github_repos,2026-09-26,owner:2026-09-26
be5invis/Iosevka/PkgWebFont-Unhinted-IosevkaSS13.zip,gh-asset,iosevka-ss13,package,,github_repos,2026-09-26,owner:2026-09-26
be5invis/Iosevka/PkgWebFont-Unhinted-IosevkaTermSS13.zip,gh-asset,iosevka-ss13,package,,github_repos,2026-09-26,owner:2026-09-26
be5invis/Iosevka/SuperTTC-IosevkaSS13.zip,gh-asset,iosevka-ss13,package,,github_repos,2026-09-26,owner:2026-09-26
be5invis/Iosevka/SuperTTC-SGr-IosevkaFixedSS13.zip,gh-asset,iosevka-ss13,package,,github_repos,2026-09-26,owner:2026-09-26
be5invis/Iosevka/SuperTTC-SGr-IosevkaSS13.zip,gh-asset,iosevka-ss13,package,,github_repos,2026-09-26,owner:2026-09-26
be5invis/Iosevka/SuperTTC-SGr-IosevkaTermSS13.zip,gh-asset,iosevka-ss13,package,,github_repos,2026-09-26,owner:2026-09-26
be5invis/Iosevka/PkgTTC-IosevkaSS14.zip,gh-asset,iosevka-ss14,package,,github_repos,2026-09-26,owner:2026-09-26
be5invis/Iosevka/PkgTTC-SGr-IosevkaFixedSS14.zip,gh-asset,iosevka-ss14,package,,github_repos,2026-09-26,owner:2026-09-26
be5invis/Iosevka/PkgTTC-SGr-IosevkaSS14.zip,gh-asset,iosevka-ss14,package,,github_repos,2026-09-26,owner:2026-09-26
be5invis/Iosevka/PkgTTC-SGr-IosevkaTermSS14.zip,gh-asset,iosevka-ss14,package,,github_repos,2026-09-26,owner:2026-09-26
be5invis/Iosevka/PkgTTF-IosevkaFixedSS14.zip,gh-asset,iosevka-ss14,package,,github_repos,2026-09-26,owner:2026-09-26
be5invis/Iosevka/PkgTTF-IosevkaSS14.zip,gh-asset,iosevka-ss14,package,,github_repos,2026-09-26,owner:2026-09-26
be5invis/Iosevka/PkgTTF-IosevkaTermSS14.zip,gh-asset,iosevka-ss14,package,,github_repos,2026-09-26,owner:2026-09-26
be5invis/Iosevka/PkgTTF-Unhinted-IosevkaFixedSS14.zip,gh-asset,iosevka-ss14,package,,github_repos,2026-09-26,owner:2026-09-26
be5invis/Iosevka/PkgTTF-Unhinted-IosevkaSS14.zip,gh-asset,iosevka-ss14,package,,github_repos,2026-09-26,owner:2026-09-26
be5invis/Iosevka/PkgTTF-Unhinted-IosevkaTermSS14.zip,gh-asset,iosevka-ss14,package,,github_repos,2026-09-26,owner:2026-09-26
be5invis/Iosevka/PkgWebFont-IosevkaFixedSS14.zip,gh-asset,iosevka-ss14,package,,github_repos,2026-09-26,owner:2026-09-26
be5invis/Iosevka/PkgWebFont-IosevkaSS14.zip,gh-asset,iosevka-ss14,package,,github_repos,2026-09-26,owner:2026-09-26
be5invis/Iosevka/PkgWebFont-IosevkaTermSS14.zip,gh-asset,iosevka-ss14,package,,github_repos,2026-09-26,owner:2026-09-26
be5invis/Iosevka/PkgWebFont-Unhinted-IosevkaFixedSS14.zip,gh-asset,iosevka-ss14,package,,github_repos,2026-09-26,owner:2026-09-26
be5invis/Iosevka/PkgWebFont-Unhinted-IosevkaSS14.zip,gh-asset,iosevka-ss14,package,,github_repos,2026-09-26,owner:2026-09-26
be5invis/Iosevka/PkgWebFont-Unhinted-IosevkaTermSS14.zip,gh-asset,iosevka-ss14,package,,github_repos,2026-09-26,owner:2026-09-26
be5invis/Iosevka/SuperTTC-IosevkaSS14.zip,gh-asset,iosevka-ss14,package,,github_repos,2026-09-26,owner:2026-09-26
be5invis/Iosevka/SuperTTC-SGr-IosevkaFixedSS14.zip,gh-asset,iosevka-ss14,package,,github_repos,2026-09-26,owner:2026-09-26
be5invis/Iosevka/SuperTTC-SGr-IosevkaSS14.zip,gh-asset,iosevka-ss14,package,,github_repos,2026-09-26,owner:2026-09-26
be5invis/Iosevka/SuperTTC-SGr-IosevkaTermSS14.zip,gh-asset,iosevka-ss14,package,,github_repos,2026-09-26,owner:2026-09-26
be5invis/Iosevka/PkgTTC-IosevkaSS15.zip,gh-asset,iosevka-ss15,package,,github_repos,2026-09-26,owner:2026-09-26
be5invis/Iosevka/PkgTTC-SGr-IosevkaFixedSS15.zip,gh-asset,iosevka-ss15,package,,github_repos,2026-09-26,owner:2026-09-26
be5invis/Iosevka/PkgTTC-SGr-IosevkaSS15.zip,gh-asset,iosevka-ss15,package,,github_repos,2026-09-26,owner:2026-09-26
be5invis/Iosevka/PkgTTC-SGr-IosevkaTermSS15.zip,gh-asset,iosevka-ss15,package,,github_repos,2026-09-26,owner:2026-09-26
be5invis/Iosevka/PkgTTF-IosevkaFixedSS15.zip,gh-asset,iosevka-ss15,package,,github_repos,2026-09-26,owner:2026-09-26
be5invis/Iosevka/PkgTTF-IosevkaSS15.zip,gh-asset,iosevka-ss15,package,,github_repos,2026-09-26,owner:2026-09-26
be5invis/Iosevka/PkgTTF-IosevkaTermSS15.zip,gh-asset,iosevka-ss15,package,,github_repos,2026-09-26,owner:2026-09-26
be5invis/Iosevka/PkgTTF-Unhinted-IosevkaFixedSS15.zip,gh-asset,iosevka-ss15,package,,github_repos,2026-09-26,owner:2026-09-26
be5invis/Iosevka/PkgTTF-Unhinted-IosevkaSS15.zip,gh-asset,iosevka-ss15,package,,github_repos,2026-09-26,owner:2026-09-26
be5invis/Iosevka/PkgTTF-Unhinted-IosevkaTermSS15.zip,gh-asset,iosevka-ss15,package,,github_repos,2026-09-26,owner:2026-09-26
be5invis/Iosevka/PkgWebFont-IosevkaFixedSS15.zip,gh-asset,iosevka-ss15,package,,github_repos,2026-09-26,owner:2026-09-26
be5invis/Iosevka/PkgWebFont-IosevkaSS15.zip,gh-asset,iosevka-ss15,package,,github_repos,2026-09-26,owner:2026-09-26
be5invis/Iosevka/PkgWebFont-IosevkaTermSS15.zip,gh-asset,iosevka-ss15,package,,github_repos,2026-09-26,owner:2026-09-26
be5invis/Iosevka/PkgWebFont-Unhinted-IosevkaFixedSS15.zip,gh-asset,iosevka-ss15,package,,github_repos,2026-09-26,owner:2026-09-26
be5invis/Iosevka/PkgWebFont-Unhinted-IosevkaSS15.zip,gh-asset,iosevka-ss15,package,,github_repos,2026-09-26,owner:2026-09-26
be5invis/Iosevka/PkgWebFont-Unhinted-IosevkaTermSS15.zip,gh-asset,iosevka-ss15,package,,github_repos,2026-09-26,owner:2026-09-26
be5invis/Iosevka/SuperTTC-IosevkaSS15.zip,gh-asset,iosevka-ss15,package,,github_repos,2026-09-26,owner:2026-09-26
be5invis/Iosevka/SuperTTC-SGr-IosevkaFixedSS15.zip,gh-asset,iosevka-ss15,package,,github_repos,2026-09-26,owner:2026-09-26
be5invis/Iosevka/SuperTTC-SGr-IosevkaSS15.zip,gh-asset,iosevka-ss15,package,,github_repos,2026-09-26,owner:2026-09-26
be5invis/Iosevka/SuperTTC-SGr-IosevkaTermSS15.zip,gh-asset,iosevka-ss15,package,,github_repos,2026-09-26,owner:2026-09-26
be5invis/Iosevka/PkgTTC-IosevkaSS16.zip,gh-asset,iosevka-ss16,package,,github_repos,2026-09-26,owner:2026-09-26
be5invis/Iosevka/PkgTTC-SGr-IosevkaFixedSS16.zip,gh-asset,iosevka-ss16,package,,github_repos,2026-09-26,owner:2026-09-26
be5invis/Iosevka/PkgTTC-SGr-IosevkaSS16.zip,gh-asset,iosevka-ss16,package,,github_repos,2026-09-26,owner:2026-09-26
be5invis/Iosevka/PkgTTC-SGr-IosevkaTermSS16.zip,gh-asset,iosevka-ss16,package,,github_repos,2026-09-26,owner:2026-09-26
be5invis/Iosevka/PkgTTF-IosevkaFixedSS16.zip,gh-asset,iosevka-ss16,package,,github_repos,2026-09-26,owner:2026-09-26
be5invis/Iosevka/PkgTTF-IosevkaSS16.zip,gh-asset,iosevka-ss16,package,,github_repos,2026-09-26,owner:2026-09-26
be5invis/Iosevka/PkgTTF-IosevkaTermSS16.zip,gh-asset,iosevka-ss16,package,,github_repos,2026-09-26,owner:2026-09-26
be5invis/Iosevka/PkgTTF-Unhinted-IosevkaFixedSS16.zip,gh-asset,iosevka-ss16,package,,github_repos,2026-09-26,owner:2026-09-26
be5invis/Iosevka/PkgTTF-Unhinted-IosevkaSS16.zip,gh-asset,iosevka-ss16,package,,github_repos,2026-09-26,owner:2026-09-26
be5invis/Iosevka/PkgTTF-Unhinted-IosevkaTermSS16.zip,gh-asset,iosevka-ss16,package,,github_repos,2026-09-26,owner:2026-09-26
be5invis/Iosevka/PkgWebFont-IosevkaFixedSS16.zip,gh-asset,iosevka-ss16,package,,github_repos,2026-09-26,owner:2026-09-26
be5invis/Iosevka/PkgWebFont-IosevkaSS16.zip,gh-asset,iosevka-ss16,package,,github_repos,2026-09-26,owner:2026-09-26
be5invis/Iosevka/PkgWebFont-IosevkaTermSS16.zip,gh-asset,iosevka-ss16,package,,github_repos,2026-09-26,owner:2026-09-26
be5invis/Iosevka/PkgWebFont-Unhinted-IosevkaFixedSS16.zip,gh-asset,iosevka-ss16,package,,github_repos,2026-09-26,owner:2026-09-26
be5invis/Iosevka/PkgWebFont-Unhinted-IosevkaSS16.zip,gh-asset,iosevka-ss16,package,,github_repos,2026-09-26,owner:2026-09-26
be5invis/Iosevka/PkgWebFont-Unhinted-IosevkaTermSS16.zip,gh-asset,iosevka-ss16,package,,github_repos,2026-09-26,owner:2026-09-26
be5invis/Iosevka/SuperTTC-IosevkaSS16.zip,gh-asset,iosevka-ss16,package,,github_repos,2026-09-26,owner:2026-09-26
be5invis/Iosevka/SuperTTC-SGr-IosevkaFixedSS16.zip,gh-asset,iosevka-ss16,package,,github_repos,2026-09-26,owner:2026-09-26
be5invis/Iosevka/SuperTTC-SGr-IosevkaSS16.zip,gh-asset,iosevka-ss16,package,,github_repos,2026-09-26,owner:2026-09-26
be5invis/Iosevka/SuperTTC-SGr-IosevkaTermSS16.zip,gh-asset,iosevka-ss16,package,,github_repos,2026-09-26,owner:2026-09-26
be5invis/Iosevka/PkgTTC-IosevkaSS17.zip,gh-asset,iosevka-ss17,package,,github_repos,2026-09-26,owner:2026-09-26
be5invis/Iosevka/PkgTTC-SGr-IosevkaFixedSS17.zip,gh-asset,iosevka-ss17,package,,github_repos,2026-09-26,owner:2026-09-26
be5invis/Iosevka/PkgTTC-SGr-IosevkaSS17.zip,gh-asset,iosevka-ss17,package,,github_repos,2026-09-26,owner:2026-09-26
be5invis/Iosevka/PkgTTC-SGr-IosevkaTermSS17.zip,gh-asset,iosevka-ss17,package,,github_repos,2026-09-26,owner:2026-09-26
be5invis/Iosevka/PkgTTF-IosevkaFixedSS17.zip,gh-asset,iosevka-ss17,package,,github_repos,2026-09-26,owner:2026-09-26
be5invis/Iosevka/PkgTTF-IosevkaSS17.zip,gh-asset,iosevka-ss17,package,,github_repos,2026-09-26,owner:2026-09-26
be5invis/Iosevka/PkgTTF-IosevkaTermSS17.zip,gh-asset,iosevka-ss17,package,,github_repos,2026-09-26,owner:2026-09-26
be5invis/Iosevka/PkgTTF-Unhinted-IosevkaFixedSS17.zip,gh-asset,iosevka-ss17,package,,github_repos,2026-09-26,owner:2026-09-26
be5invis/Iosevka/PkgTTF-Unhinted-IosevkaSS17.zip,gh-asset,iosevka-ss17,package,,github_repos,2026-09-26,owner:2026-09-26
be5invis/Iosevka/PkgTTF-Unhinted-IosevkaTermSS17.zip,gh-asset,iosevka-ss17,package,,github_repos,2026-09-26,owner:2026-09-26
be5invis/Iosevka/PkgWebFont-IosevkaFixedSS17.zip,gh-asset,iosevka-ss17,package,,github_repos,2026-09-26,owner:2026-09-26
be5invis/Iosevka/PkgWebFont-IosevkaSS17.zip,gh-asset,iosevka-ss17,package,,github_repos,2026-09-26,owner:2026-09-26
be5invis/Iosevka/PkgWebFont-IosevkaTermSS17.zip,gh-asset,iosevka-ss17,package,,github_repos,2026-09-26,owner:2026-09-26
be5invis/Iosevka/PkgWebFont-Unhinted-IosevkaFixedSS17.zip,gh-asset,iosevka-ss17,package,,github_repos,2026-09-26,owner:2026-09-26
be5invis/Iosevka/PkgWebFont-Unhinted-IosevkaSS17.zip,gh-asset,iosevka-ss17,package,,github_repos,2026-09-26,owner:2026-09-26
be5invis/Iosevka/PkgWebFont-Unhinted-IosevkaTermSS17.zip,gh-asset,iosevka-ss17,package,,github_repos,2026-09-26,owner:2026-09-26
be5invis/Iosevka/SuperTTC-IosevkaSS17.zip,gh-asset,iosevka-ss17,package,,github_repos,2026-09-26,owner:2026-09-26
be5invis/Iosevka/SuperTTC-SGr-IosevkaFixedSS17.zip,gh-asset,iosevka-ss17,package,,github_repos,2026-09-26,owner:2026-09-26
be5invis/Iosevka/SuperTTC-SGr-IosevkaSS17.zip,gh-asset,iosevka-ss17,package,,github_repos,2026-09-26,owner:2026-09-26
be5invis/Iosevka/SuperTTC-SGr-IosevkaTermSS17.zip,gh-asset,iosevka-ss17,package,,github_repos,2026-09-26,owner:2026-09-26
be5invis/Iosevka/PkgTTC-IosevkaSS18.zip,gh-asset,iosevka-ss18,package,,github_repos,2026-09-26,owner:2026-09-26
be5invis/Iosevka/PkgTTC-SGr-IosevkaFixedSS18.zip,gh-asset,iosevka-ss18,package,,github_repos,2026-09-26,owner:2026-09-26
be5invis/Iosevka/PkgTTC-SGr-IosevkaSS18.zip,gh-asset,iosevka-ss18,package,,github_repos,2026-09-26,owner:2026-09-26
be5invis/Iosevka/PkgTTC-SGr-IosevkaTermSS18.zip,gh-asset,iosevka-ss18,package,,github_repos,2026-09-26,owner:2026-09-26
be5invis/Iosevka/PkgTTF-IosevkaFixedSS18.zip,gh-asset,iosevka-ss18,package,,github_repos,2026-09-26,owner:2026-09-26
be5invis/Iosevka/PkgTTF-IosevkaSS18.zip,gh-asset,iosevka-ss18,package,,github_repos,2026-09-26,owner:2026-09-26
be5invis/Iosevka/PkgTTF-IosevkaTermSS18.zip,gh-asset,iosevka-ss18,package,,github_repos,2026-09-26,owner:2026-09-26
be5invis/Iosevka/PkgTTF-Unhinted-IosevkaFixedSS18.zip,gh-asset,iosevka-ss18,package,,github_repos,2026-09-26,owner:2026-09-26
be5invis/Iosevka/PkgTTF-Unhinted-IosevkaSS18.zip,gh-asset,iosevka-ss18,package,,github_repos,2026-09-26,owner:2026-09-26
be5invis/Iosevka/PkgTTF-Unhinted-IosevkaTermSS18.zip,gh-asset,iosevka-ss18,package,,github_repos,2026-09-26,owner:2026-09-26
be5invis/Iosevka/PkgWebFont-IosevkaFixedSS18.zip,gh-asset,iosevka-ss18,package,,github_repos,2026-09-26,owner:2026-09-26
be5invis/Iosevka/PkgWebFont-IosevkaSS18.zip,gh-asset,iosevka-ss18,package,,github_repos,2026-09-26,owner:2026-09-26
be5invis/Iosevka/PkgWebFont-IosevkaTermSS18.zip,gh-asset,iosevka-ss18,package,,github_repos,2026-09-26,owner:2026-09-26
be5invis/Iosevka/PkgWebFont-Unhinted-IosevkaFixedSS18.zip,gh-asset,iosevka-ss18,package,,github_repos,2026-09-26,owner:2026-09-26
be5invis/Iosevka/PkgWebFont-Unhinted-IosevkaSS18.zip,gh-asset,iosevka-ss18,package,,github_repos,2026-09-26,owner:2026-09-26
be5invis/Iosevka/PkgWebFont-Unhinted-IosevkaTermSS18.zip,gh-asset,iosevka-ss18,package,,github_repos,2026-09-26,owner:2026-09-26
be5invis/Iosevka/SuperTTC-IosevkaSS18.zip,gh-asset,iosevka-ss18,package,,github_repos,2026-09-26,owner:2026-09-26
be5invis/Iosevka/SuperTTC-SGr-IosevkaFixedSS18.zip,gh-asset,iosevka-ss18,package,,github_repos,2026-09-26,owner:2026-09-26
be5invis/Iosevka/SuperTTC-SGr-IosevkaSS18.zip,gh-asset,iosevka-ss18,package,,github_repos,2026-09-26,owner:2026-09-26
be5invis/Iosevka/SuperTTC-SGr-IosevkaTermSS18.zip,gh-asset,iosevka-ss18,package,,github_repos,2026-09-26,owner:2026-09-26
ahatem/IoskeleyMono/IoskeleyMono-NerdFont.zip,gh-asset,ioskeley-mono,build,nerd,github_repos,2026-09-26,owner:2026-09-26
ahatem/IoskeleyMono/IoskeleyMono-NerdFont-Condensed.zip,gh-asset,ioskeley-mono,build,nerd,github_repos,2026-09-26,owner:2026-09-26
ahatem/IoskeleyMono/IoskeleyMono-NerdFont-Normal.zip,gh-asset,ioskeley-mono,build,nerd,github_repos,2026-09-26,owner:2026-09-26
ahatem/IoskeleyMono/IoskeleyMono-NerdFont-SemiCondensed.zip,gh-asset,ioskeley-mono,build,nerd,github_repos,2026-09-26,owner:2026-09-26
ahatem/IoskeleyMono/IoskeleyMono-NL.zip,gh-asset,ioskeley-mono,build,nl,github_repos,2026-09-26,owner:2026-09-26
ahatem/IoskeleyMono/IoskeleyMono-NL-NerdFont.zip,gh-asset,ioskeley-mono,build,nerd,github_repos,2026-09-26,owner:2026-09-26
ahatem/IoskeleyMono/IoskeleyMono-Term-NerdFont.zip,gh-asset,ioskeley-mono,build,nerd,github_repos,2026-09-26,owner:2026-09-26
ahatem/IoskeleyMono/IoskeleyMono.zip,gh-asset,ioskeley-mono,package,,github_repos,2026-09-26,owner:2026-09-26
ahatem/IoskeleyMono/IoskeleyMono-Condensed.zip,gh-asset,ioskeley-mono,package,,github_repos,2026-09-26,owner:2026-09-26
ahatem/IoskeleyMono/IoskeleyMono-Hinted.zip,gh-asset,ioskeley-mono,package,,github_repos,2026-09-26,owner:2026-09-26
ahatem/IoskeleyMono/IoskeleyMono-Normal.zip,gh-asset,ioskeley-mono,package,,github_repos,2026-09-26,owner:2026-09-26
ahatem/IoskeleyMono/IoskeleyMono-SemiCondensed.zip,gh-asset,ioskeley-mono,package,,github_repos,2026-09-26,owner:2026-09-26
ahatem/IoskeleyMono/IoskeleyMono-Term.zip,gh-asset,ioskeley-mono,package,,github_repos,2026-09-26,owner:2026-09-26
ahatem/IoskeleyMono/IoskeleyMono-TTF-Hinted.zip,gh-asset,ioskeley-mono,package,,github_repos,2026-09-26,owner:2026-09-26
ahatem/IoskeleyMono/IoskeleyMono-TTF-Unhinted.zip,gh-asset,ioskeley-mono,package,,github_repos,2026-09-26,owner:2026-09-26
ahatem/IoskeleyMono/IoskeleyMono-Unhinted.zip,gh-asset,ioskeley-mono,package,,github_repos,2026-09-26,owner:2026-09-26
ahatem/IoskeleyMono/IoskeleyMono-Web.zip,gh-asset,ioskeley-mono,package,,github_repos,2026-09-26,owner:2026-09-26
ahatem/IoskeleyMono/IoskeleyMono-Web-Full.zip,gh-asset,ioskeley-mono,package,,github_repos,2026-09-26,owner:2026-09-26
JetBrainsMono Nerd Font,font-name,jetbrains-mono,build,nerd,nerd,2026-09-26,auto:nerd_unpatched
JetBrainsMono Nerd Font Mono,font-name,jetbrains-mono,build,nfm,nerd,2026-09-26,auto:nerd_unpatched
JetBrainsMono Nerd Font Propo,font-name,jetbrains-mono,build,propo,nerd,2026-09-26,auto:nerd_unpatched
JetBrainsMono NF,font-name,jetbrains-mono,build,nf,nerd,2026-09-26,auto:nerd_unpatched
JetBrainsMono NFM,font-name,jetbrains-mono,build,nfm,nerd,2026-09-26,auto:nerd_unpatched
JetBrainsMono NFP,font-name,jetbrains-mono,build,nfp,nerd,2026-09-26,auto:nerd_unpatched
JetBrains Mono NL,font-name,jetbrains-mono,build,nl,name_tables,2026-09-26,owner:2026-09-26
JetBrainsMonoNL Nerd Font,font-name,jetbrains-mono,build,nerd,hand,2026-09-26,owner:2026-09-26
JetBrains/JetBrainsMono/JetBrains.Mono.zip,gh-asset,jetbrains-mono,package,,github_repos,2026-09-26,owner:2026-09-26
JetBrains/JetBrainsMono/JetBrainsMono.zip,gh-asset,jetbrains-mono,package,,github_repos,2026-09-26,owner:2026-09-26
font-juisee-nf,brew-cask,juisee,build,nf,hand,2026-09-26,owner:2026-09-26
cormullion/juliamono/JuliaMono.tar.gz,gh-asset,juliamono,package,,github_repos,2026-09-26,owner:2026-09-26
cormullion/juliamono/JuliaMono.zip,gh-asset,juliamono,package,,github_repos,2026-09-26,owner:2026-09-26
cormullion/juliamono/JuliaMono-ttf.tar.gz,gh-asset,juliamono,package,,github_repos,2026-09-26,owner:2026-09-26
cormullion/juliamono/JuliaMono-ttf.zip,gh-asset,juliamono,package,,github_repos,2026-09-26,owner:2026-09-26
cormullion/juliamono/JuliaMono-webfonts.tar.gz,gh-asset,juliamono,package,,github_repos,2026-09-26,owner:2026-09-26
cormullion/juliamono/JuliaMono-webfonts.zip,gh-asset,juliamono,package,,github_repos,2026-09-26,owner:2026-09-26
psb1558/Junicode-font/Junicode.zip,gh-asset,junicode,package,,github_repos,2026-09-26,owner:2026-09-26
league-gothic-condensed,fs-id,league-gothic,build,,fontsource_legacy,2026-09-26,owner:2026-09-26
@fontsource/league-gothic-condensed,npm,league-gothic,build,,fontsource_legacy,2026-09-26,owner:2026-09-26
theleagueof/league-gothic/LeagueGothic.tar.xz,gh-asset,league-gothic,package,,github_repos,2026-09-26,owner:2026-09-26
theleagueof/league-gothic/LeagueGothic.zip,gh-asset,league-gothic,package,,github_repos,2026-09-26,owner:2026-09-26
league-mono-condensed,fs-id,league-mono,build,,fontsource_legacy,2026-09-26,owner:2026-09-26
league-mono-extended,fs-id,league-mono,build,,fontsource_legacy,2026-09-26,owner:2026-09-26
league-mono-narrow,fs-id,league-mono,build,,fontsource_legacy,2026-09-26,owner:2026-09-26
league-mono-wide,fs-id,league-mono,build,,fontsource_legacy,2026-09-26,owner:2026-09-26
@fontsource/league-mono-condensed,npm,league-mono,build,,fontsource_legacy,2026-09-26,owner:2026-09-26
@fontsource/league-mono-extended,npm,league-mono,build,,fontsource_legacy,2026-09-26,owner:2026-09-26
@fontsource/league-mono-narrow,npm,league-mono,build,,fontsource_legacy,2026-09-26,owner:2026-09-26
@fontsource/league-mono-wide,npm,league-mono,build,,fontsource_legacy,2026-09-26,owner:2026-09-26
League Mono Thin Condensed,font-name,league-mono,distinct,rejected,name_tables,2026-09-26,owner:2026-09-26
theleagueof/league-mono/LeagueMono.tar.xz,gh-asset,league-mono,package,,github_repos,2026-09-26,owner:2026-09-26
theleagueof/league-mono/LeagueMono.zip,gh-asset,league-mono,package,,github_repos,2026-09-26,owner:2026-09-26
theleagueof/league-spartan/LeagueSpartan.tar.xz,gh-asset,league-spartan,package,,github_repos,2026-09-26,owner:2026-09-26
theleagueof/league-spartan/LeagueSpartan.zip,gh-asset,league-spartan,package,,github_repos,2026-09-26,owner:2026-09-26
Lekton Nerd Font,font-name,lekton,build,nerd,nerd,2026-09-26,auto:nerd_unpatched
Lekton Nerd Font Mono,font-name,lekton,build,nfm,nerd,2026-09-26,auto:nerd_unpatched
Lekton Nerd Font Propo,font-name,lekton,build,propo,nerd,2026-09-26,auto:nerd_unpatched
Lekton NF,font-name,lekton,build,nf,nerd,2026-09-26,auto:nerd_unpatched
Lekton NFM,font-name,lekton,build,nfm,nerd,2026-09-26,auto:nerd_unpatched
Lekton NFP,font-name,lekton,build,nfp,nerd,2026-09-26,auto:nerd_unpatched
LiterationMono,font-name,liberation-mono,build,nerd,nerd,2026-09-26,auto:nerd_unpatched
LiterationMono Nerd Font,font-name,liberation-mono,build,nerd,nerd,2026-09-26,auto:nerd_unpatched
LiterationMono Nerd Font Mono,font-name,liberation-mono,build,nfm,nerd,2026-09-26,auto:nerd_unpatched
LiterationMono Nerd Font Propo,font-name,liberation-mono,build,propo,nerd,2026-09-26,auto:nerd_unpatched
LiterationMono NF,font-name,liberation-mono,build,nf,nerd,2026-09-26,auto:nerd_unpatched
LiterationMono NFM,font-name,liberation-mono,build,nfm,nerd,2026-09-26,auto:nerd_unpatched
LiterationMono NFP,font-name,liberation-mono,build,nfp,nerd,2026-09-26,auto:nerd_unpatched
otf-libertinus,arch-pkg,libertinus-keyboard,bundle,7,hand,2026-09-26,owner:2026-09-26
font-libertinus,brew-cask,libertinus-keyboard,bundle,7,hand,2026-09-26,owner:2026-09-26
fonts-libertinus,deb-pkg,libertinus-keyboard,bundle,7,hand,2026-09-26,owner:2026-09-26
fonts-libertinus,deb-src,libertinus-keyboard,bundle,7,hand,2026-09-26,owner:2026-09-26
Libertinus,font-name,libertinus-keyboard,bundle,7,hand,2026-09-26,owner:2026-09-26
alerque/libertinus/libertine.zip,gh-asset,libertinus-keyboard,bundle,,github_repos,2026-09-26,owner:2026-09-26
alerque/libertinus/Libertinus.tar.xz,gh-asset,libertinus-keyboard,bundle,,github_repos,2026-09-26,owner:2026-09-26
alerque/libertinus/Libertinus.tar.zst,gh-asset,libertinus-keyboard,bundle,,github_repos,2026-09-26,owner:2026-09-26
alerque/libertinus/Libertinus.zip,gh-asset,libertinus-keyboard,bundle,,github_repos,2026-09-26,owner:2026-09-26
alerque/libertinus/Libertinus-r0-g53ece34.tar.xz,gh-asset,libertinus-keyboard,bundle,,github_repos,2026-09-26,owner:2026-09-26
alerque/libertinus/Libertinus-r0-g53ece34.zip,gh-asset,libertinus-keyboard,bundle,,github_repos,2026-09-26,owner:2026-09-26
otf-libertinus,arch-pkg,libertinus-math,bundle,7,hand,2026-09-26,owner:2026-09-26
font-libertinus,brew-cask,libertinus-math,bundle,7,hand,2026-09-26,owner:2026-09-26
fonts-libertinus,deb-pkg,libertinus-math,bundle,7,hand,2026-09-26,owner:2026-09-26
fonts-libertinus,deb-src,libertinus-math,bundle,7,hand,2026-09-26,owner:2026-09-26
Libertinus,font-name,libertinus-math,bundle,7,hand,2026-09-26,owner:2026-09-26
alerque/libertinus/libertine.zip,gh-asset,libertinus-math,bundle,,github_repos,2026-09-26,owner:2026-09-26
alerque/libertinus/Libertinus.tar.xz,gh-asset,libertinus-math,bundle,,github_repos,2026-09-26,owner:2026-09-26
alerque/libertinus/Libertinus.tar.zst,gh-asset,libertinus-math,bundle,,github_repos,2026-09-26,owner:2026-09-26
alerque/libertinus/Libertinus.zip,gh-asset,libertinus-math,bundle,,github_repos,2026-09-26,owner:2026-09-26
alerque/libertinus/Libertinus-r0-g53ece34.tar.xz,gh-asset,libertinus-math,bundle,,github_repos,2026-09-26,owner:2026-09-26
alerque/libertinus/Libertinus-r0-g53ece34.zip,gh-asset,libertinus-math,bundle,,github_repos,2026-09-26,owner:2026-09-26
otf-libertinus,arch-pkg,libertinus-mono,bundle,7,hand,2026-09-26,owner:2026-09-26
font-libertinus,brew-cask,libertinus-mono,bundle,7,hand,2026-09-26,owner:2026-09-26
fonts-libertinus,deb-pkg,libertinus-mono,bundle,7,hand,2026-09-26,owner:2026-09-26
fonts-libertinus,deb-src,libertinus-mono,bundle,7,hand,2026-09-26,owner:2026-09-26
Libertinus,font-name,libertinus-mono,bundle,7,hand,2026-09-26,owner:2026-09-26
alerque/libertinus/libertine.zip,gh-asset,libertinus-mono,bundle,,github_repos,2026-09-26,owner:2026-09-26
alerque/libertinus/Libertinus.tar.xz,gh-asset,libertinus-mono,bundle,,github_repos,2026-09-26,owner:2026-09-26
alerque/libertinus/Libertinus.tar.zst,gh-asset,libertinus-mono,bundle,,github_repos,2026-09-26,owner:2026-09-26
alerque/libertinus/Libertinus.zip,gh-asset,libertinus-mono,bundle,,github_repos,2026-09-26,owner:2026-09-26
alerque/libertinus/Libertinus-r0-g53ece34.tar.xz,gh-asset,libertinus-mono,bundle,,github_repos,2026-09-26,owner:2026-09-26
alerque/libertinus/Libertinus-r0-g53ece34.zip,gh-asset,libertinus-mono,bundle,,github_repos,2026-09-26,owner:2026-09-26
otf-libertinus,arch-pkg,libertinus-sans,bundle,7,hand,2026-09-26,owner:2026-09-26
font-libertinus,brew-cask,libertinus-sans,bundle,7,hand,2026-09-26,owner:2026-09-26
fonts-libertinus,deb-pkg,libertinus-sans,bundle,7,hand,2026-09-26,owner:2026-09-26
fonts-libertinus,deb-src,libertinus-sans,bundle,7,hand,2026-09-26,owner:2026-09-26
Libertinus,font-name,libertinus-sans,bundle,7,hand,2026-09-26,owner:2026-09-26
alerque/libertinus/libertine.zip,gh-asset,libertinus-sans,bundle,,github_repos,2026-09-26,owner:2026-09-26
alerque/libertinus/Libertinus.tar.xz,gh-asset,libertinus-sans,bundle,,github_repos,2026-09-26,owner:2026-09-26
alerque/libertinus/Libertinus.tar.zst,gh-asset,libertinus-sans,bundle,,github_repos,2026-09-26,owner:2026-09-26
alerque/libertinus/Libertinus.zip,gh-asset,libertinus-sans,bundle,,github_repos,2026-09-26,owner:2026-09-26
alerque/libertinus/Libertinus-r0-g53ece34.tar.xz,gh-asset,libertinus-sans,bundle,,github_repos,2026-09-26,owner:2026-09-26
alerque/libertinus/Libertinus-r0-g53ece34.zip,gh-asset,libertinus-sans,bundle,,github_repos,2026-09-26,owner:2026-09-26
otf-libertinus,arch-pkg,libertinus-serif,bundle,7,hand,2026-09-26,owner:2026-09-26
font-libertinus,brew-cask,libertinus-serif,bundle,7,hand,2026-09-26,owner:2026-09-26
fonts-libertinus,deb-pkg,libertinus-serif,bundle,7,hand,2026-09-26,owner:2026-09-26
fonts-libertinus,deb-src,libertinus-serif,bundle,7,hand,2026-09-26,owner:2026-09-26
Libertinus,font-name,libertinus-serif,bundle,7,hand,2026-09-26,owner:2026-09-26
alerque/libertinus/libertine.zip,gh-asset,libertinus-serif,bundle,,github_repos,2026-09-26,owner:2026-09-26
alerque/libertinus/Libertinus.tar.xz,gh-asset,libertinus-serif,bundle,,github_repos,2026-09-26,owner:2026-09-26
alerque/libertinus/Libertinus.tar.zst,gh-asset,libertinus-serif,bundle,,github_repos,2026-09-26,owner:2026-09-26
alerque/libertinus/Libertinus.zip,gh-asset,libertinus-serif,bundle,,github_repos,2026-09-26,owner:2026-09-26
alerque/libertinus/Libertinus-r0-g53ece34.tar.xz,gh-asset,libertinus-serif,bundle,,github_repos,2026-09-26,owner:2026-09-26
alerque/libertinus/Libertinus-r0-g53ece34.zip,gh-asset,libertinus-serif,bundle,,github_repos,2026-09-26,owner:2026-09-26
otf-libertinus,arch-pkg,libertinus-serif-display,bundle,7,hand,2026-09-26,owner:2026-09-26
font-libertinus,brew-cask,libertinus-serif-display,bundle,7,hand,2026-09-26,owner:2026-09-26
fonts-libertinus,deb-pkg,libertinus-serif-display,bundle,7,hand,2026-09-26,owner:2026-09-26
fonts-libertinus,deb-src,libertinus-serif-display,bundle,7,hand,2026-09-26,owner:2026-09-26
Libertinus,font-name,libertinus-serif-display,bundle,7,hand,2026-09-26,owner:2026-09-26
alerque/libertinus/libertine.zip,gh-asset,libertinus-serif-display,bundle,,github_repos,2026-09-26,owner:2026-09-26
alerque/libertinus/Libertinus.tar.xz,gh-asset,libertinus-serif-display,bundle,,github_repos,2026-09-26,owner:2026-09-26
alerque/libertinus/Libertinus.tar.zst,gh-asset,libertinus-serif-display,bundle,,github_repos,2026-09-26,owner:2026-09-26
alerque/libertinus/Libertinus.zip,gh-asset,libertinus-serif-display,bundle,,github_repos,2026-09-26,owner:2026-09-26
alerque/libertinus/Libertinus-r0-g53ece34.tar.xz,gh-asset,libertinus-serif-display,bundle,,github_repos,2026-09-26,owner:2026-09-26
alerque/libertinus/Libertinus-r0-g53ece34.zip,gh-asset,libertinus-serif-display,bundle,,github_repos,2026-09-26,owner:2026-09-26
otf-libertinus,arch-pkg,libertinus-serif-initials,bundle,7,hand,2026-09-26,owner:2026-09-26
font-libertinus,brew-cask,libertinus-serif-initials,bundle,7,hand,2026-09-26,owner:2026-09-26
fonts-libertinus,deb-pkg,libertinus-serif-initials,bundle,7,hand,2026-09-26,owner:2026-09-26
fonts-libertinus,deb-src,libertinus-serif-initials,bundle,7,hand,2026-09-26,owner:2026-09-26
Libertinus,font-name,libertinus-serif-initials,bundle,7,hand,2026-09-26,owner:2026-09-26
alerque/libertinus/libertine.zip,gh-asset,libertinus-serif-initials,bundle,,github_repos,2026-09-26,owner:2026-09-26
alerque/libertinus/Libertinus.tar.xz,gh-asset,libertinus-serif-initials,bundle,,github_repos,2026-09-26,owner:2026-09-26
alerque/libertinus/Libertinus.tar.zst,gh-asset,libertinus-serif-initials,bundle,,github_repos,2026-09-26,owner:2026-09-26
alerque/libertinus/Libertinus.zip,gh-asset,libertinus-serif-initials,bundle,,github_repos,2026-09-26,owner:2026-09-26
alerque/libertinus/Libertinus-r0-g53ece34.tar.xz,gh-asset,libertinus-serif-initials,bundle,,github_repos,2026-09-26,owner:2026-09-26
alerque/libertinus/Libertinus-r0-g53ece34.zip,gh-asset,libertinus-serif-initials,bundle,,github_repos,2026-09-26,owner:2026-09-26
Lilex Nerd Font,font-name,lilex,build,nerd,nerd,2026-09-26,auto:nerd_unpatched
Lilex Nerd Font Mono,font-name,lilex,build,nfm,nerd,2026-09-26,auto:nerd_unpatched
Lilex Nerd Font Propo,font-name,lilex,build,propo,nerd,2026-09-26,auto:nerd_unpatched
Lilex NF,font-name,lilex,build,nf,nerd,2026-09-26,auto:nerd_unpatched
Lilex NFM,font-name,lilex,build,nfm,nerd,2026-09-26,auto:nerd_unpatched
Lilex NFP,font-name,lilex,build,nfp,nerd,2026-09-26,auto:nerd_unpatched
mishamyrt/Lilex/Lilex.zip,gh-asset,lilex,package,,github_repos,2026-09-26,owner:2026-09-26
mishamyrt/Lilex/LilexDuo.zip,gh-asset,lilex,package,,github_repos,2026-09-26,owner:2026-09-26
ttf-mplus-nerd,arch-pkg,m-plus-1,bundle,4,hand,2026-09-26,owner:2026-09-26
font-m+-nerd-font,brew-cask,m-plus-1,bundle,4,hand,2026-09-26,owner:2026-09-26
font-mplus-nerd-font,brew-cask,m-plus-1,bundle,4,hand,2026-09-26,owner:2026-09-26
M+,font-name,m-plus-1,bundle,4,hand,2026-09-26,owner:2026-09-26
M+ Nerd Font,font-name,m-plus-1,bundle,4,hand,2026-09-26,owner:2026-09-26
M+ Nerd Font Mono,font-name,m-plus-1,bundle,4,hand,2026-09-26,owner:2026-09-26
M+ Nerd Font Propo,font-name,m-plus-1,bundle,4,hand,2026-09-26,owner:2026-09-26
M+ NF,font-name,m-plus-1,bundle,4,hand,2026-09-26,owner:2026-09-26
M+ NFM,font-name,m-plus-1,bundle,4,hand,2026-09-26,owner:2026-09-26
M+ NFP,font-name,m-plus-1,bundle,4,hand,2026-09-26,owner:2026-09-26
MPlus,font-name,m-plus-1,bundle,4,hand,2026-09-26,owner:2026-09-26
MPlus,nerd-folder,m-plus-1,bundle,4,hand,2026-09-26,owner:2026-09-26
ttf-mplus-nerd,arch-pkg,m-plus-1-code,bundle,4,hand,2026-09-26,owner:2026-09-26
font-m+-nerd-font,brew-cask,m-plus-1-code,bundle,4,hand,2026-09-26,owner:2026-09-26
font-mplus-nerd-font,brew-cask,m-plus-1-code,bundle,4,hand,2026-09-26,owner:2026-09-26
M+,font-name,m-plus-1-code,bundle,4,hand,2026-09-26,owner:2026-09-26
M+ Nerd Font,font-name,m-plus-1-code,bundle,4,hand,2026-09-26,owner:2026-09-26
M+ Nerd Font Mono,font-name,m-plus-1-code,bundle,4,hand,2026-09-26,owner:2026-09-26
M+ Nerd Font Propo,font-name,m-plus-1-code,bundle,4,hand,2026-09-26,owner:2026-09-26
M+ NF,font-name,m-plus-1-code,bundle,4,hand,2026-09-26,owner:2026-09-26
M+ NFM,font-name,m-plus-1-code,bundle,4,hand,2026-09-26,owner:2026-09-26
M+ NFP,font-name,m-plus-1-code,bundle,4,hand,2026-09-26,owner:2026-09-26
MPlus,font-name,m-plus-1-code,bundle,4,hand,2026-09-26,owner:2026-09-26
MPlus,nerd-folder,m-plus-1-code,bundle,4,hand,2026-09-26,owner:2026-09-26
ttf-mplus-nerd,arch-pkg,m-plus-2,bundle,4,hand,2026-09-26,owner:2026-09-26
font-m+-nerd-font,brew-cask,m-plus-2,bundle,4,hand,2026-09-26,owner:2026-09-26
font-mplus-nerd-font,brew-cask,m-plus-2,bundle,4,hand,2026-09-26,owner:2026-09-26
M+,font-name,m-plus-2,bundle,4,hand,2026-09-26,owner:2026-09-26
M+ Nerd Font,font-name,m-plus-2,bundle,4,hand,2026-09-26,owner:2026-09-26
M+ Nerd Font Mono,font-name,m-plus-2,bundle,4,hand,2026-09-26,owner:2026-09-26
M+ Nerd Font Propo,font-name,m-plus-2,bundle,4,hand,2026-09-26,owner:2026-09-26
M+ NF,font-name,m-plus-2,bundle,4,hand,2026-09-26,owner:2026-09-26
M+ NFM,font-name,m-plus-2,bundle,4,hand,2026-09-26,owner:2026-09-26
M+ NFP,font-name,m-plus-2,bundle,4,hand,2026-09-26,owner:2026-09-26
MPlus,font-name,m-plus-2,bundle,4,hand,2026-09-26,owner:2026-09-26
MPlus,nerd-folder,m-plus-2,bundle,4,hand,2026-09-26,owner:2026-09-26
ttf-mplus-nerd,arch-pkg,m-plus-code-latin,bundle,4,hand,2026-09-26,owner:2026-09-26
font-m+-nerd-font,brew-cask,m-plus-code-latin,bundle,4,hand,2026-09-26,owner:2026-09-26
font-mplus-nerd-font,brew-cask,m-plus-code-latin,bundle,4,hand,2026-09-26,owner:2026-09-26
M+,font-name,m-plus-code-latin,bundle,4,hand,2026-09-26,owner:2026-09-26
M+ Nerd Font,font-name,m-plus-code-latin,bundle,4,hand,2026-09-26,owner:2026-09-26
M+ Nerd Font Mono,font-name,m-plus-code-latin,bundle,4,hand,2026-09-26,owner:2026-09-26
M+ Nerd Font Propo,font-name,m-plus-code-latin,bundle,4,hand,2026-09-26,owner:2026-09-26
M+ NF,font-name,m-plus-code-latin,bundle,4,hand,2026-09-26,owner:2026-09-26
M+ NFM,font-name,m-plus-code-latin,bundle,4,hand,2026-09-26,owner:2026-09-26
M+ NFP,font-name,m-plus-code-latin,bundle,4,hand,2026-09-26,owner:2026-09-26
MPlus,font-name,m-plus-code-latin,bundle,4,hand,2026-09-26,owner:2026-09-26
MPlus,nerd-folder,m-plus-code-latin,bundle,4,hand,2026-09-26,owner:2026-09-26
font-maple-mono-cn,brew-cask,maple-mono,build,cjk,hand,2026-09-26,owner:2026-09-26
font-maple-mono-nf,brew-cask,maple-mono,build,nf,hand,2026-09-26,owner:2026-09-26
font-maple-mono-nf-cn,brew-cask,maple-mono,build,nf,hand,2026-09-26,owner:2026-09-26
font-maple-mono-nl,brew-cask,maple-mono,build,nl,hand,2026-09-26,owner:2026-09-26
font-maple-mono-nl-cn,brew-cask,maple-mono,build,cjk,hand,2026-09-26,owner:2026-09-26
font-maple-mono-nl-nf,brew-cask,maple-mono,build,nf,hand,2026-09-26,owner:2026-09-26
font-maple-mono-nl-nf-cn,brew-cask,maple-mono,build,nf,hand,2026-09-26,owner:2026-09-26
font-maple-mono-normal,brew-cask,maple-mono,build,,hand,2026-09-26,owner:2026-09-26
font-maple-mono-normal-cn,brew-cask,maple-mono,build,cjk,hand,2026-09-26,owner:2026-09-26
font-maple-mono-normal-nf,brew-cask,maple-mono,build,nf,hand,2026-09-26,owner:2026-09-26
font-maple-mono-normal-nf-cn,brew-cask,maple-mono,build,nf,hand,2026-09-26,owner:2026-09-26
font-maple-mono-normal-nl,brew-cask,maple-mono,build,nl,hand,2026-09-26,owner:2026-09-26
font-maple-mono-normal-nl-cn,brew-cask,maple-mono,build,cjk,hand,2026-09-26,owner:2026-09-26
font-maple-mono-normal-nl-nf,brew-cask,maple-mono,build,nf,hand,2026-09-26,owner:2026-09-26
font-maple-mono-normal-nl-nf-cn,brew-cask,maple-mono,build,nf,hand,2026-09-26,owner:2026-09-26
Maple Mono NF,font-name,maple-mono,build,nf,hand,2026-09-26,owner:2026-09-26
Maple Mono Normal,font-name,maple-mono,build,,hand,2026-09-26,owner:2026-09-26
subframe7536/maple-font/Maple.Code.CN.ttf,gh-asset,maple-mono,build,cjk,github_repos,2026-09-26,owner:2026-09-26
subframe7536/maple-font/Maple.Code.NF.ttf,gh-asset,maple-mono,build,nf,github_repos,2026-09-26,owner:2026-09-26
subframe7536/maple-font/Maple.Code.V3.CN.ttf,gh-asset,maple-mono,build,cjk,github_repos,2026-09-26,owner:2026-09-26
subframe7536/maple-font/Maple.Mono.NF.ttf,gh-asset,maple-mono,build,nf,github_repos,2026-09-26,owner:2026-09-26
subframe7536/maple-font/MapleMono-CN.zip,gh-asset,maple-mono,build,cjk,github_repos,2026-09-26,owner:2026-09-26
subframe7536/maple-font/MapleMono-CN-unhinted.zip,gh-asset,maple-mono,build,cjk,github_repos,2026-09-26,owner:2026-09-26
subframe7536/maple-font/MapleMono-NF.zip,gh-asset,maple-mono,build,nf,github_repos,2026-09-26,owner:2026-09-26
subframe7536/maple-font/MapleMono-NF-CN.zip,gh-asset,maple-mono,build,nf,github_repos,2026-09-26,owner:2026-09-26
subframe7536/maple-font/MapleMono-NF-CN-unhinted.zip,gh-asset,maple-mono,build,nf,github_repos,2026-09-26,owner:2026-09-26
subframe7536/maple-font/MapleMono-NF-unhinted.zip,gh-asset,maple-mono,build,nf,github_repos,2026-09-26,owner:2026-09-26
subframe7536/maple-font/MapleMonoNL-CN.zip,gh-asset,maple-mono,build,cjk,github_repos,2026-09-26,owner:2026-09-26
subframe7536/maple-font/MapleMonoNL-CN-unhinted.zip,gh-asset,maple-mono,build,cjk,github_repos,2026-09-26,owner:2026-09-26
subframe7536/maple-font/MapleMonoNL-NF.zip,gh-asset,maple-mono,build,nf,github_repos,2026-09-26,owner:2026-09-26
subframe7536/maple-font/MapleMonoNL-NF-CN.zip,gh-asset,maple-mono,build,nf,github_repos,2026-09-26,owner:2026-09-26
subframe7536/maple-font/MapleMonoNL-NF-CN-unhinted.zip,gh-asset,maple-mono,build,nf,github_repos,2026-09-26,owner:2026-09-26
subframe7536/maple-font/MapleMonoNL-NF-unhinted.zip,gh-asset,maple-mono,build,nf,github_repos,2026-09-26,owner:2026-09-26
subframe7536/maple-font/MapleMonoNL-OTF.zip,gh-asset,maple-mono,build,nl,github_repos,2026-09-26,owner:2026-09-26
subframe7536/maple-font/MapleMonoNL-TTF.zip,gh-asset,maple-mono,build,nl,github_repos,2026-09-26,owner:2026-09-26
subframe7536/maple-font/MapleMonoNL-TTF-AutoHint.zip,gh-asset,maple-mono,build,nl,github_repos,2026-09-26,owner:2026-09-26
subframe7536/maple-font/MapleMonoNL-Variable.zip,gh-asset,maple-mono,build,nl,github_repos,2026-09-26,owner:2026-09-26
subframe7536/maple-font/MapleMonoNL-Woff2.zip,gh-asset,maple-mono,build,nl,github_repos,2026-09-26,owner:2026-09-26
subframe7536/maple-font/MapleMonoNormal-CN.zip,gh-asset,maple-mono,build,cjk,github_repos,2026-09-26,owner:2026-09-26
subframe7536/maple-font/MapleMonoNormal-CN-unhinted.zip,gh-asset,maple-mono,build,cjk,github_repos,2026-09-26,owner:2026-09-26
subframe7536/maple-font/MapleMonoNormal-NF.zip,gh-asset,maple-mono,build,nf,github_repos,2026-09-26,owner:2026-09-26
subframe7536/maple-font/MapleMonoNormal-NF-CN.zip,gh-asset,maple-mono,build,nf,github_repos,2026-09-26,owner:2026-09-26
subframe7536/maple-font/MapleMonoNormal-NF-CN-unhinted.zip,gh-asset,maple-mono,build,nf,github_repos,2026-09-26,owner:2026-09-26
subframe7536/maple-font/MapleMonoNormal-NF-unhinted.zip,gh-asset,maple-mono,build,nf,github_repos,2026-09-26,owner:2026-09-26
subframe7536/maple-font/MapleMonoNormalNL-CN.zip,gh-asset,maple-mono,build,cjk,github_repos,2026-09-26,owner:2026-09-26
subframe7536/maple-font/MapleMonoNormalNL-CN-unhinted.zip,gh-asset,maple-mono,build,cjk,github_repos,2026-09-26,owner:2026-09-26
subframe7536/maple-font/MapleMonoNormalNL-NF.zip,gh-asset,maple-mono,build,nf,github_repos,2026-09-26,owner:2026-09-26
subframe7536/maple-font/MapleMonoNormalNL-NF-CN.zip,gh-asset,maple-mono,build,nf,github_repos,2026-09-26,owner:2026-09-26
subframe7536/maple-font/MapleMonoNormalNL-NF-CN-unhinted.zip,gh-asset,maple-mono,build,nf,github_repos,2026-09-26,owner:2026-09-26
subframe7536/maple-font/MapleMonoNormalNL-NF-unhinted.zip,gh-asset,maple-mono,build,nf,github_repos,2026-09-26,owner:2026-09-26
subframe7536/maple-font/MapleMonoNormalNL-OTF.zip,gh-asset,maple-mono,build,nl,github_repos,2026-09-26,owner:2026-09-26
subframe7536/maple-font/MapleMonoNormalNL-TTF.zip,gh-asset,maple-mono,build,nl,github_repos,2026-09-26,owner:2026-09-26
subframe7536/maple-font/MapleMonoNormalNL-TTF-AutoHint.zip,gh-asset,maple-mono,build,nl,github_repos,2026-09-26,owner:2026-09-26
subframe7536/maple-font/MapleMonoNormalNL-Variable.zip,gh-asset,maple-mono,build,nl,github_repos,2026-09-26,owner:2026-09-26
subframe7536/maple-font/MapleMonoNormalNL-Woff2.zip,gh-asset,maple-mono,build,nl,github_repos,2026-09-26,owner:2026-09-26
subframe7536/maple-font/MapleMono-SC-NF.zip,gh-asset,maple-mono,build,nf,github_repos,2026-09-26,owner:2026-09-26
subframe7536/maple-font/Maple.Code.ttf,gh-asset,maple-mono,package,,github_repos,2026-09-26,owner:2026-09-26
subframe7536/maple-font/Maple.Code.V3.Bold.Italic.ttf,gh-asset,maple-mono,package,,github_repos,2026-09-26,owner:2026-09-26
subframe7536/maple-font/Maple.Code.V3.Bold.ttf,gh-asset,maple-mono,package,,github_repos,2026-09-26,owner:2026-09-26
subframe7536/maple-font/Maple.Code.V3.Italic.ttf,gh-asset,maple-mono,package,,github_repos,2026-09-26,owner:2026-09-26
subframe7536/maple-font/Maple.Code.V3.Pure.ttf,gh-asset,maple-mono,package,,github_repos,2026-09-26,owner:2026-09-26
subframe7536/maple-font/Maple.Code.V3.Regular.ttf,gh-asset,maple-mono,package,,github_repos,2026-09-26,owner:2026-09-26
subframe7536/maple-font/Maple.Mono.Bold.Italic.ttf,gh-asset,maple-mono,package,,github_repos,2026-09-26,owner:2026-09-26
subframe7536/maple-font/Maple.Mono.Bold.ttf,gh-asset,maple-mono,package,,github_repos,2026-09-26,owner:2026-09-26
subframe7536/maple-font/Maple.Mono.Italic.ttf,gh-asset,maple-mono,package,,github_repos,2026-09-26,owner:2026-09-26
subframe7536/maple-font/Maple.Mono.otf.zip,gh-asset,maple-mono,package,,github_repos,2026-09-26,owner:2026-09-26
subframe7536/maple-font/Maple.Mono.ttf,gh-asset,maple-mono,package,,github_repos,2026-09-26,owner:2026-09-26
subframe7536/maple-font/Maple.Mono.ttf.zip,gh-asset,maple-mono,package,,github_repos,2026-09-26,owner:2026-09-26
subframe7536/maple-font/MapleMono.zip,gh-asset,maple-mono,package,,github_repos,2026-09-26,owner:2026-09-26
subframe7536/maple-font/MapleMonoNormal-OTF.zip,gh-asset,maple-mono,package,,github_repos,2026-09-26,owner:2026-09-26
subframe7536/maple-font/MapleMonoNormal-TTF.zip,gh-asset,maple-mono,package,,github_repos,2026-09-26,owner:2026-09-26
subframe7536/maple-font/MapleMonoNormal-TTF-AutoHint.zip,gh-asset,maple-mono,package,,github_repos,2026-09-26,owner:2026-09-26
subframe7536/maple-font/MapleMonoNormal-Variable.zip,gh-asset,maple-mono,package,,github_repos,2026-09-26,owner:2026-09-26
subframe7536/maple-font/MapleMonoNormal-Woff2.zip,gh-asset,maple-mono,package,,github_repos,2026-09-26,owner:2026-09-26
subframe7536/maple-font/MapleMono-OTF.zip,gh-asset,maple-mono,package,,github_repos,2026-09-26,owner:2026-09-26
subframe7536/maple-font/MapleMono-TTF.zip,gh-asset,maple-mono,package,,github_repos,2026-09-26,owner:2026-09-26
subframe7536/maple-font/MapleMono-TTF-AutoHint.zip,gh-asset,maple-mono,package,,github_repos,2026-09-26,owner:2026-09-26
subframe7536/maple-font/MapleMono-Variable.zip,gh-asset,maple-mono,package,,github_repos,2026-09-26,owner:2026-09-26
subframe7536/maple-font/MapleMono-Woff2.zip,gh-asset,maple-mono,package,,github_repos,2026-09-26,owner:2026-09-26
Martian Mono Cn,font-name,martian-mono,build,static,name_tables,2026-09-26,owner:2026-09-26
MartianMono Nerd Font,font-name,martian-mono,build,nerd,nerd,2026-09-26,auto:nerd_unpatched
MartianMono Nerd Font Mono,font-name,martian-mono,build,nfm,nerd,2026-09-26,auto:nerd_unpatched
MartianMono Nerd Font Propo,font-name,martian-mono,build,propo,nerd,2026-09-26,auto:nerd_unpatched
MartianMono NF,font-name,martian-mono,build,nf,nerd,2026-09-26,auto:nerd_unpatched
MartianMono NFM,font-name,martian-mono,build,nfm,nerd,2026-09-26,auto:nerd_unpatched
MartianMono NFP,font-name,martian-mono,build,nfp,nerd,2026-09-26,auto:nerd_unpatched
Martian Mono Nr,font-name,martian-mono,build,static,name_tables,2026-09-26,owner:2026-09-26
Martian Mono Std,font-name,martian-mono,build,static,name_tables,2026-09-26,owner:2026-09-26
Martian Mono sWd,font-name,martian-mono,build,static,name_tables,2026-09-26,owner:2026-09-26
evilmartians/mono/martian-mono-otf.zip,gh-asset,martian-mono,package,,github_repos,2026-09-26,owner:2026-09-26
evilmartians/mono/martian-mono-ttf.zip,gh-asset,martian-mono,package,,github_repos,2026-09-26,owner:2026-09-26
evilmartians/mono/martian-mono-variable.zip,gh-asset,martian-mono,package,,github_repos,2026-09-26,owner:2026-09-26
evilmartians/mono/martian-mono-woff2.zip,gh-asset,martian-mono,package,,github_repos,2026-09-26,owner:2026-09-26
MesloLG Nerd Font,font-name,meslo-lg,build,nerd,nerd,2026-09-26,auto:nerd_unpatched
MesloLG Nerd Font Mono,font-name,meslo-lg,build,nfm,nerd,2026-09-26,auto:nerd_unpatched
MesloLG Nerd Font Propo,font-name,meslo-lg,build,propo,nerd,2026-09-26,auto:nerd_unpatched
MesloLG NF,font-name,meslo-lg,build,nf,nerd,2026-09-26,auto:nerd_unpatched
MesloLG NFM,font-name,meslo-lg,build,nfm,nerd,2026-09-26,auto:nerd_unpatched
MesloLG NFP,font-name,meslo-lg,build,nfp,nerd,2026-09-26,auto:nerd_unpatched
MesloLGS NF,font-name,meslo-lg,build,nf,hand,2026-09-26,owner:2026-09-26
github/mona-sans/fonts-mona-sans_all.deb,gh-asset,mona-sans,package,,github_repos,2026-09-26,owner:2026-09-26
github/mona-sans/Mona.Sans.zip,gh-asset,mona-sans,package,,github_repos,2026-09-26,owner:2026-09-26
github/mona-sans/MonaSans.zip,gh-asset,mona-sans,package,,github_repos,2026-09-26,owner:2026-09-26
github/mona-sans/mona-sans-complete.zip,gh-asset,mona-sans,package,,github_repos,2026-09-26,owner:2026-09-26
github/mona-sans/mona-sans-static.zip,gh-asset,mona-sans,package,,github_repos,2026-09-26,owner:2026-09-26
github/mona-sans/mona-sans-variable.zip,gh-asset,mona-sans,package,,github_repos,2026-09-26,owner:2026-09-26
github/mona-sans/mona-sans-webfonts.zip,gh-asset,mona-sans,package,,github_repos,2026-09-26,owner:2026-09-26
otf-monaspace,arch-pkg,monaspace-argon,bundle,5,hand,2026-09-26,owner:2026-09-26
otf-monaspace-nerd,arch-pkg,monaspace-argon,bundle,5,hand,2026-09-26,owner:2026-09-26
font-monaspace,brew-cask,monaspace-argon,bundle,5,hand,2026-09-26,owner:2026-09-26
font-monaspace-nerd-font,brew-cask,monaspace-argon,bundle,5,hand,2026-09-26,owner:2026-09-26
font-monaspace-nf,brew-cask,monaspace-argon,bundle,5,hand,2026-09-26,owner:2026-09-26
font-monaspace-var,brew-cask,monaspace-argon,bundle,5,hand,2026-09-26,owner:2026-09-26
font-monaspice-nerd-font,brew-cask,monaspace-argon,bundle,5,hand,2026-09-26,owner:2026-09-26
Monaspace,font-name,monaspace-argon,bundle,5,hand,2026-09-26,owner:2026-09-26
Monaspice,font-name,monaspace-argon,bundle,5,hand,2026-09-26,owner:2026-09-26
Monaspice Nerd Font,font-name,monaspace-argon,bundle,5,hand,2026-09-26,owner:2026-09-26
Monaspice Nerd Font Mono,font-name,monaspace-argon,bundle,5,hand,2026-09-26,owner:2026-09-26
Monaspice Nerd Font Propo,font-name,monaspace-argon,bundle,5,hand,2026-09-26,owner:2026-09-26
Monaspice NF,font-name,monaspace-argon,bundle,5,hand,2026-09-26,owner:2026-09-26
Monaspice NFM,font-name,monaspace-argon,bundle,5,hand,2026-09-26,owner:2026-09-26
Monaspice NFP,font-name,monaspace-argon,bundle,5,hand,2026-09-26,owner:2026-09-26
githubnext/monaspace/monaspace.zip,gh-asset,monaspace-argon,bundle,,github_repos,2026-09-26,owner:2026-09-26
githubnext/monaspace/monaspace-frozen.zip,gh-asset,monaspace-argon,bundle,,github_repos,2026-09-26,owner:2026-09-26
githubnext/monaspace/monaspace-nerdfonts.zip,gh-asset,monaspace-argon,bundle,nerd,github_repos,2026-09-26,owner:2026-09-26
githubnext/monaspace/monaspace-static.zip,gh-asset,monaspace-argon,bundle,,github_repos,2026-09-26,owner:2026-09-26
githubnext/monaspace/monaspace-variable.zip,gh-asset,monaspace-argon,bundle,,github_repos,2026-09-26,owner:2026-09-26
githubnext/monaspace/monaspace-webfont-nerdfonts.zip,gh-asset,monaspace-argon,bundle,nerd,github_repos,2026-09-26,owner:2026-09-26
githubnext/monaspace/monaspace-webfont-static.zip,gh-asset,monaspace-argon,bundle,,github_repos,2026-09-26,owner:2026-09-26
githubnext/monaspace/monaspace-webfont-variable.zip,gh-asset,monaspace-argon,bundle,,github_repos,2026-09-26,owner:2026-09-26
Monaspace,nerd-folder,monaspace-argon,bundle,5,hand,2026-09-26,owner:2026-09-26
otf-monaspace,arch-pkg,monaspace-krypton,bundle,5,hand,2026-09-26,owner:2026-09-26
otf-monaspace-nerd,arch-pkg,monaspace-krypton,bundle,5,hand,2026-09-26,owner:2026-09-26
font-monaspace,brew-cask,monaspace-krypton,bundle,5,hand,2026-09-26,owner:2026-09-26
font-monaspace-nerd-font,brew-cask,monaspace-krypton,bundle,5,hand,2026-09-26,owner:2026-09-26
font-monaspace-nf,brew-cask,monaspace-krypton,bundle,5,hand,2026-09-26,owner:2026-09-26
font-monaspace-var,brew-cask,monaspace-krypton,bundle,5,hand,2026-09-26,owner:2026-09-26
font-monaspice-nerd-font,brew-cask,monaspace-krypton,bundle,5,hand,2026-09-26,owner:2026-09-26
Monaspace,font-name,monaspace-krypton,bundle,5,hand,2026-09-26,owner:2026-09-26
Monaspice,font-name,monaspace-krypton,bundle,5,hand,2026-09-26,owner:2026-09-26
Monaspice Nerd Font,font-name,monaspace-krypton,bundle,5,hand,2026-09-26,owner:2026-09-26
Monaspice Nerd Font Mono,font-name,monaspace-krypton,bundle,5,hand,2026-09-26,owner:2026-09-26
Monaspice Nerd Font Propo,font-name,monaspace-krypton,bundle,5,hand,2026-09-26,owner:2026-09-26
Monaspice NF,font-name,monaspace-krypton,bundle,5,hand,2026-09-26,owner:2026-09-26
Monaspice NFM,font-name,monaspace-krypton,bundle,5,hand,2026-09-26,owner:2026-09-26
Monaspice NFP,font-name,monaspace-krypton,bundle,5,hand,2026-09-26,owner:2026-09-26
githubnext/monaspace/monaspace.zip,gh-asset,monaspace-krypton,bundle,,github_repos,2026-09-26,owner:2026-09-26
githubnext/monaspace/monaspace-frozen.zip,gh-asset,monaspace-krypton,bundle,,github_repos,2026-09-26,owner:2026-09-26
githubnext/monaspace/monaspace-nerdfonts.zip,gh-asset,monaspace-krypton,bundle,nerd,github_repos,2026-09-26,owner:2026-09-26
githubnext/monaspace/monaspace-static.zip,gh-asset,monaspace-krypton,bundle,,github_repos,2026-09-26,owner:2026-09-26
githubnext/monaspace/monaspace-variable.zip,gh-asset,monaspace-krypton,bundle,,github_repos,2026-09-26,owner:2026-09-26
githubnext/monaspace/monaspace-webfont-nerdfonts.zip,gh-asset,monaspace-krypton,bundle,nerd,github_repos,2026-09-26,owner:2026-09-26
githubnext/monaspace/monaspace-webfont-static.zip,gh-asset,monaspace-krypton,bundle,,github_repos,2026-09-26,owner:2026-09-26
githubnext/monaspace/monaspace-webfont-variable.zip,gh-asset,monaspace-krypton,bundle,,github_repos,2026-09-26,owner:2026-09-26
Monaspace,nerd-folder,monaspace-krypton,bundle,5,hand,2026-09-26,owner:2026-09-26
MonaspiceNe Nerd Font,font-name,monaspace-neon,build,nerd,hand,2026-09-26,owner:2026-09-26
otf-monaspace,arch-pkg,monaspace-neon,bundle,5,hand,2026-09-26,owner:2026-09-26
otf-monaspace-nerd,arch-pkg,monaspace-neon,bundle,5,hand,2026-09-26,owner:2026-09-26
font-monaspace,brew-cask,monaspace-neon,bundle,5,hand,2026-09-26,owner:2026-09-26
font-monaspace-nerd-font,brew-cask,monaspace-neon,bundle,5,hand,2026-09-26,owner:2026-09-26
font-monaspace-nf,brew-cask,monaspace-neon,bundle,5,hand,2026-09-26,owner:2026-09-26
font-monaspace-var,brew-cask,monaspace-neon,bundle,5,hand,2026-09-26,owner:2026-09-26
font-monaspice-nerd-font,brew-cask,monaspace-neon,bundle,5,hand,2026-09-26,owner:2026-09-26
Monaspace,font-name,monaspace-neon,bundle,5,hand,2026-09-26,owner:2026-09-26
Monaspice,font-name,monaspace-neon,bundle,5,hand,2026-09-26,owner:2026-09-26
Monaspice Nerd Font,font-name,monaspace-neon,bundle,5,hand,2026-09-26,owner:2026-09-26
Monaspice Nerd Font Mono,font-name,monaspace-neon,bundle,5,hand,2026-09-26,owner:2026-09-26
Monaspice Nerd Font Propo,font-name,monaspace-neon,bundle,5,hand,2026-09-26,owner:2026-09-26
Monaspice NF,font-name,monaspace-neon,bundle,5,hand,2026-09-26,owner:2026-09-26
Monaspice NFM,font-name,monaspace-neon,bundle,5,hand,2026-09-26,owner:2026-09-26
Monaspice NFP,font-name,monaspace-neon,bundle,5,hand,2026-09-26,owner:2026-09-26
githubnext/monaspace/monaspace.zip,gh-asset,monaspace-neon,bundle,,github_repos,2026-09-26,owner:2026-09-26
githubnext/monaspace/monaspace-frozen.zip,gh-asset,monaspace-neon,bundle,,github_repos,2026-09-26,owner:2026-09-26
githubnext/monaspace/monaspace-nerdfonts.zip,gh-asset,monaspace-neon,bundle,nerd,github_repos,2026-09-26,owner:2026-09-26
githubnext/monaspace/monaspace-static.zip,gh-asset,monaspace-neon,bundle,,github_repos,2026-09-26,owner:2026-09-26
githubnext/monaspace/monaspace-variable.zip,gh-asset,monaspace-neon,bundle,,github_repos,2026-09-26,owner:2026-09-26
githubnext/monaspace/monaspace-webfont-nerdfonts.zip,gh-asset,monaspace-neon,bundle,nerd,github_repos,2026-09-26,owner:2026-09-26
githubnext/monaspace/monaspace-webfont-static.zip,gh-asset,monaspace-neon,bundle,,github_repos,2026-09-26,owner:2026-09-26
githubnext/monaspace/monaspace-webfont-variable.zip,gh-asset,monaspace-neon,bundle,,github_repos,2026-09-26,owner:2026-09-26
Monaspace,nerd-folder,monaspace-neon,bundle,5,hand,2026-09-26,owner:2026-09-26
otf-monaspace,arch-pkg,monaspace-radon,bundle,5,hand,2026-09-26,owner:2026-09-26
otf-monaspace-nerd,arch-pkg,monaspace-radon,bundle,5,hand,2026-09-26,owner:2026-09-26
font-monaspace,brew-cask,monaspace-radon,bundle,5,hand,2026-09-26,owner:2026-09-26
font-monaspace-nerd-font,brew-cask,monaspace-radon,bundle,5,hand,2026-09-26,owner:2026-09-26
font-monaspace-nf,brew-cask,monaspace-radon,bundle,5,hand,2026-09-26,owner:2026-09-26
font-monaspace-var,brew-cask,monaspace-radon,bundle,5,hand,2026-09-26,owner:2026-09-26
font-monaspice-nerd-font,brew-cask,monaspace-radon,bundle,5,hand,2026-09-26,owner:2026-09-26
Monaspace,font-name,monaspace-radon,bundle,5,hand,2026-09-26,owner:2026-09-26
Monaspice,font-name,monaspace-radon,bundle,5,hand,2026-09-26,owner:2026-09-26
Monaspice Nerd Font,font-name,monaspace-radon,bundle,5,hand,2026-09-26,owner:2026-09-26
Monaspice Nerd Font Mono,font-name,monaspace-radon,bundle,5,hand,2026-09-26,owner:2026-09-26
Monaspice Nerd Font Propo,font-name,monaspace-radon,bundle,5,hand,2026-09-26,owner:2026-09-26
Monaspice NF,font-name,monaspace-radon,bundle,5,hand,2026-09-26,owner:2026-09-26
Monaspice NFM,font-name,monaspace-radon,bundle,5,hand,2026-09-26,owner:2026-09-26
Monaspice NFP,font-name,monaspace-radon,bundle,5,hand,2026-09-26,owner:2026-09-26
githubnext/monaspace/monaspace.zip,gh-asset,monaspace-radon,bundle,,github_repos,2026-09-26,owner:2026-09-26
githubnext/monaspace/monaspace-frozen.zip,gh-asset,monaspace-radon,bundle,,github_repos,2026-09-26,owner:2026-09-26
githubnext/monaspace/monaspace-nerdfonts.zip,gh-asset,monaspace-radon,bundle,nerd,github_repos,2026-09-26,owner:2026-09-26
githubnext/monaspace/monaspace-static.zip,gh-asset,monaspace-radon,bundle,,github_repos,2026-09-26,owner:2026-09-26
githubnext/monaspace/monaspace-variable.zip,gh-asset,monaspace-radon,bundle,,github_repos,2026-09-26,owner:2026-09-26
githubnext/monaspace/monaspace-webfont-nerdfonts.zip,gh-asset,monaspace-radon,bundle,nerd,github_repos,2026-09-26,owner:2026-09-26
githubnext/monaspace/monaspace-webfont-static.zip,gh-asset,monaspace-radon,bundle,,github_repos,2026-09-26,owner:2026-09-26
githubnext/monaspace/monaspace-webfont-variable.zip,gh-asset,monaspace-radon,bundle,,github_repos,2026-09-26,owner:2026-09-26
Monaspace,nerd-folder,monaspace-radon,bundle,5,hand,2026-09-26,owner:2026-09-26
otf-monaspace,arch-pkg,monaspace-xenon,bundle,5,hand,2026-09-26,owner:2026-09-26
otf-monaspace-nerd,arch-pkg,monaspace-xenon,bundle,5,hand,2026-09-26,owner:2026-09-26
font-monaspace,brew-cask,monaspace-xenon,bundle,5,hand,2026-09-26,owner:2026-09-26
font-monaspace-nerd-font,brew-cask,monaspace-xenon,bundle,5,hand,2026-09-26,owner:2026-09-26
font-monaspace-nf,brew-cask,monaspace-xenon,bundle,5,hand,2026-09-26,owner:2026-09-26
font-monaspace-var,brew-cask,monaspace-xenon,bundle,5,hand,2026-09-26,owner:2026-09-26
font-monaspice-nerd-font,brew-cask,monaspace-xenon,bundle,5,hand,2026-09-26,owner:2026-09-26
Monaspace,font-name,monaspace-xenon,bundle,5,hand,2026-09-26,owner:2026-09-26
Monaspice,font-name,monaspace-xenon,bundle,5,hand,2026-09-26,owner:2026-09-26
Monaspice Nerd Font,font-name,monaspace-xenon,bundle,5,hand,2026-09-26,owner:2026-09-26
Monaspice Nerd Font Mono,font-name,monaspace-xenon,bundle,5,hand,2026-09-26,owner:2026-09-26
Monaspice Nerd Font Propo,font-name,monaspace-xenon,bundle,5,hand,2026-09-26,owner:2026-09-26
Monaspice NF,font-name,monaspace-xenon,bundle,5,hand,2026-09-26,owner:2026-09-26
Monaspice NFM,font-name,monaspace-xenon,bundle,5,hand,2026-09-26,owner:2026-09-26
Monaspice NFP,font-name,monaspace-xenon,bundle,5,hand,2026-09-26,owner:2026-09-26
githubnext/monaspace/monaspace.zip,gh-asset,monaspace-xenon,bundle,,github_repos,2026-09-26,owner:2026-09-26
githubnext/monaspace/monaspace-frozen.zip,gh-asset,monaspace-xenon,bundle,,github_repos,2026-09-26,owner:2026-09-26
githubnext/monaspace/monaspace-nerdfonts.zip,gh-asset,monaspace-xenon,bundle,nerd,github_repos,2026-09-26,owner:2026-09-26
githubnext/monaspace/monaspace-static.zip,gh-asset,monaspace-xenon,bundle,,github_repos,2026-09-26,owner:2026-09-26
githubnext/monaspace/monaspace-variable.zip,gh-asset,monaspace-xenon,bundle,,github_repos,2026-09-26,owner:2026-09-26
githubnext/monaspace/monaspace-webfont-nerdfonts.zip,gh-asset,monaspace-xenon,bundle,nerd,github_repos,2026-09-26,owner:2026-09-26
githubnext/monaspace/monaspace-webfont-static.zip,gh-asset,monaspace-xenon,bundle,,github_repos,2026-09-26,owner:2026-09-26
githubnext/monaspace/monaspace-webfont-variable.zip,gh-asset,monaspace-xenon,bundle,,github_repos,2026-09-26,owner:2026-09-26
Monaspace,nerd-folder,monaspace-xenon,bundle,5,hand,2026-09-26,owner:2026-09-26
ttf-monocraft-nerd,arch-pkg,monocraft,build,nerd,distro,2026-09-26,owner:2026-09-26
font-monocraft-nerd-font,brew-cask,monocraft,build,nerd,hand,2026-09-26,owner:2026-09-26
Monocraft with Nerd glyphs,font-name,monocraft,build,nerd,hand,2026-09-26,owner:2026-09-26
IdreesInc/Monocraft/Monocraft-nerd-fonts-patched.ttc,gh-asset,monocraft,build,nerd,github_repos,2026-09-26,owner:2026-09-26
IdreesInc/Monocraft/Monocraft-nerd-fonts-patched.ttf,gh-asset,monocraft,build,nerd,github_repos,2026-09-26,owner:2026-09-26
IdreesInc/Monocraft/MinecraftMono.otf,gh-asset,monocraft,package,,github_repos,2026-09-26,owner:2026-09-26
IdreesInc/Monocraft/Monocraft.otf,gh-asset,monocraft,package,,github_repos,2026-09-26,owner:2026-09-26
IdreesInc/Monocraft/Monocraft.ttc,gh-asset,monocraft,package,,github_repos,2026-09-26,owner:2026-09-26
IdreesInc/Monocraft/Monocraft.ttf,gh-asset,monocraft,package,,github_repos,2026-09-26,owner:2026-09-26
IdreesInc/Monocraft/Monocraft-no-ligatures.ttc,gh-asset,monocraft,package,,github_repos,2026-09-26,owner:2026-09-26
IdreesInc/Monocraft/Monocraft-no-ligatures.ttf,gh-asset,monocraft,package,,github_repos,2026-09-26,owner:2026-09-26
IdreesInc/Monocraft/Monocraft-otf.zip,gh-asset,monocraft,package,,github_repos,2026-09-26,owner:2026-09-26
IdreesInc/Monocraft/Monocraft-ttf.zip,gh-asset,monocraft,package,,github_repos,2026-09-26,owner:2026-09-26
IdreesInc/Monocraft/Monocraft-ttf-otf.zip,gh-asset,monocraft,package,,github_repos,2026-09-26,owner:2026-09-26
Monofur Nerd Font,font-name,monofur,build,nerd,nerd,2026-09-26,auto:nerd_unpatched
Monofur Nerd Font Mono,font-name,monofur,build,nfm,nerd,2026-09-26,auto:nerd_unpatched
Monofur Nerd Font Propo,font-name,monofur,build,propo,nerd,2026-09-26,auto:nerd_unpatched
Monofur NF,font-name,monofur,build,nf,nerd,2026-09-26,auto:nerd_unpatched
Monofur NFM,font-name,monofur,build,nfm,nerd,2026-09-26,auto:nerd_unpatched
Monofur NFP,font-name,monofur,build,nfp,nerd,2026-09-26,auto:nerd_unpatched
Monoid Nerd Font,font-name,monoid,build,nerd,nerd,2026-09-26,auto:nerd_unpatched
Monoid Nerd Font Mono,font-name,monoid,build,nfm,nerd,2026-09-26,auto:nerd_unpatched
Monoid Nerd Font Propo,font-name,monoid,build,propo,nerd,2026-09-26,auto:nerd_unpatched
Monoid NF,font-name,monoid,build,nf,nerd,2026-09-26,auto:nerd_unpatched
Monoid NFM,font-name,monoid,build,nfm,nerd,2026-09-26,auto:nerd_unpatched
Monoid NFP,font-name,monoid,build,nfp,nerd,2026-09-26,auto:nerd_unpatched
Mononoki Nerd Font,font-name,mononoki,build,nerd,nerd,2026-09-26,auto:nerd_unpatched
Mononoki Nerd Font Mono,font-name,mononoki,build,nfm,nerd,2026-09-26,auto:nerd_unpatched
Mononoki Nerd Font Propo,font-name,mononoki,build,propo,nerd,2026-09-26,auto:nerd_unpatched
Mononoki NF,font-name,mononoki,build,nf,nerd,2026-09-26,auto:nerd_unpatched
Mononoki NFM,font-name,mononoki,build,nfm,nerd,2026-09-26,auto:nerd_unpatched
Mononoki NFP,font-name,mononoki,build,nfp,nerd,2026-09-26,auto:nerd_unpatched
madmalik/mononoki/mononoki.zip,gh-asset,mononoki,package,,github_repos,2026-09-26,owner:2026-09-26
madmalik/mononoki/mononoki_preview.zip,gh-asset,mononoki,package,,github_repos,2026-09-26,owner:2026-09-26
Montserrat Subrayada,gf-family,montserrat-underline,rename,,gf_history,2026-09-26,owner:2026-09-26
muli,gf-dir,mulish,rename,,gf_history,2026-09-26,auto:gf_history_rename
Muli,gf-family,mulish,rename,,gf_history,2026-09-26,auto:gf_history_rename
NewCMMath,font-name,newcomputermodernmath,distinct,rejected,name_tables,2026-09-26,owner:2026-09-26
NewCMSansMath,font-name,newcomputermodernsansmath,distinct,rejected,name_tables,2026-09-26,owner:2026-09-26
Noto Sans Condensed,font-name,noto-sans,build,static,name_tables,2026-09-26,owner:2026-09-26
Noto Sans ExtraCondensed,font-name,noto-sans,build,static,name_tables,2026-09-26,owner:2026-09-26
Noto Sans SemiCondensed,font-name,noto-sans,build,static,name_tables,2026-09-26,owner:2026-09-26
noto-fonts,arch-pkg,noto-sans,bundle,226,hand,2026-09-26,owner:2026-09-26
noto-fonts-extra,arch-pkg,noto-sans,bundle,84,hand,2026-09-26,owner:2026-09-26
ttf-noto-nerd,arch-pkg,noto-sans,bundle,4,hand,2026-09-26,owner:2026-09-26
font-noto-nerd-font,brew-cask,noto-sans,bundle,4,hand,2026-09-26,owner:2026-09-26
fonts-noto-core,deb-pkg,noto-sans,bundle,190,hand,2026-09-26,owner:2026-09-26
fonts-noto-extra,deb-pkg,noto-sans,bundle,67,hand,2026-09-26,owner:2026-09-26
Noto Nerd Font,font-name,noto-sans,bundle,4,hand,2026-09-26,owner:2026-09-26
Noto Nerd Font Mono,font-name,noto-sans,bundle,4,hand,2026-09-26,owner:2026-09-26
Noto Nerd Font Propo,font-name,noto-sans,bundle,4,hand,2026-09-26,owner:2026-09-26
Noto NF,font-name,noto-sans,bundle,4,hand,2026-09-26,owner:2026-09-26
Noto NFM,font-name,noto-sans,bundle,4,hand,2026-09-26,owner:2026-09-26
Noto NFP,font-name,noto-sans,bundle,4,hand,2026-09-26,owner:2026-09-26
Noto,nerd-folder,noto-sans,bundle,4,hand,2026-09-26,owner:2026-09-26
Noto Sans JP,font-name,noto-sans,distinct,sibling,rule:sibling,2026-09-26,auto:sibling
noto-fonts-cjk,arch-pkg,noto-sans-cjk,bundle,2,hand,2026-09-26,owner:2026-09-26
fonts-noto-cjk,deb-pkg,noto-sans-cjk,bundle,2,hand,2026-09-26,owner:2026-09-26
fonts-noto-cjk-extra,deb-pkg,noto-sans-cjk,bundle,2,hand,2026-09-26,owner:2026-09-26
fonts-noto-cjk,deb-src,noto-sans-cjk,bundle,2,hand,2026-09-26,owner:2026-09-26
font-noto-sans-jp,brew-cask,noto-sans-cjk,distinct,rejected,oldlib,2026-09-26,owner:2026-09-26
font-noto-sans-kr,brew-cask,noto-sans-cjk,distinct,rejected,oldlib,2026-09-26,owner:2026-09-26
font-noto-sans-sc,brew-cask,noto-sans-cjk,distinct,rejected,oldlib,2026-09-26,owner:2026-09-26
font-noto-sans-tc,brew-cask,noto-sans-cjk,distinct,rejected,oldlib,2026-09-26,owner:2026-09-26
fonts-noto-core,deb-pkg,noto-sans-display,bundle,190,hand,2026-09-26,owner:2026-09-26
fonts-noto-extra,deb-pkg,noto-sans-display,bundle,67,hand,2026-09-26,owner:2026-09-26
Noto Sans,font-name,noto-sans-jp,distinct,,rule:sibling,2026-09-26,auto:sibling
Noto Sans CJK JP,font-name,noto-sans-jp,distinct,rejected,oldlib,2026-09-26,owner:2026-09-26
源ノ角ゴシック JP,font-name,noto-sans-jp,distinct,rejected,oldlib,2026-09-26,owner:2026-09-26
noto-fonts,arch-pkg,noto-sans-mono,bundle,226,hand,2026-09-26,owner:2026-09-26
noto-fonts-extra,arch-pkg,noto-sans-mono,bundle,84,hand,2026-09-26,owner:2026-09-26
ttf-noto-nerd,arch-pkg,noto-sans-mono,bundle,4,hand,2026-09-26,owner:2026-09-26
font-noto-nerd-font,brew-cask,noto-sans-mono,bundle,4,hand,2026-09-26,owner:2026-09-26
fonts-noto-extra,deb-pkg,noto-sans-mono,bundle,67,hand,2026-09-26,owner:2026-09-26
Noto Nerd Font,font-name,noto-sans-mono,bundle,4,hand,2026-09-26,owner:2026-09-26
Noto Nerd Font Mono,font-name,noto-sans-mono,bundle,4,hand,2026-09-26,owner:2026-09-26
Noto Nerd Font Propo,font-name,noto-sans-mono,bundle,4,hand,2026-09-26,owner:2026-09-26
Noto NF,font-name,noto-sans-mono,bundle,4,hand,2026-09-26,owner:2026-09-26
Noto NFM,font-name,noto-sans-mono,bundle,4,hand,2026-09-26,owner:2026-09-26
Noto NFP,font-name,noto-sans-mono,bundle,4,hand,2026-09-26,owner:2026-09-26
Noto,nerd-folder,noto-sans-mono,bundle,4,hand,2026-09-26,owner:2026-09-26
font-noto-mono,brew-cask,noto-sans-mono,package,,hand,2026-09-28,owner:2026-09-28
fonts-noto-mono,deb-pkg,noto-sans-mono,package,,distro+oldlib,2026-09-28,owner:2026-09-28
Noto Mono,font-name,noto-sans-mono,rename,,hand,2026-09-28,owner:2026-09-28
noto-mono,fs-id,noto-sans-mono,rename,,hand,2026-09-28,owner:2026-09-28
noto-fonts,arch-pkg,noto-serif,bundle,226,hand,2026-09-26,owner:2026-09-26
noto-fonts-extra,arch-pkg,noto-serif,bundle,84,hand,2026-09-26,owner:2026-09-26
ttf-noto-nerd,arch-pkg,noto-serif,bundle,4,hand,2026-09-26,owner:2026-09-26
font-noto-nerd-font,brew-cask,noto-serif,bundle,4,hand,2026-09-26,owner:2026-09-26
fonts-noto-core,deb-pkg,noto-serif,bundle,190,hand,2026-09-26,owner:2026-09-26
fonts-noto-extra,deb-pkg,noto-serif,bundle,67,hand,2026-09-26,owner:2026-09-26
Noto Nerd Font,font-name,noto-serif,bundle,4,hand,2026-09-26,owner:2026-09-26
Noto Nerd Font Mono,font-name,noto-serif,bundle,4,hand,2026-09-26,owner:2026-09-26
Noto Nerd Font Propo,font-name,noto-serif,bundle,4,hand,2026-09-26,owner:2026-09-26
Noto NF,font-name,noto-serif,bundle,4,hand,2026-09-26,owner:2026-09-26
Noto NFM,font-name,noto-serif,bundle,4,hand,2026-09-26,owner:2026-09-26
Noto NFP,font-name,noto-serif,bundle,4,hand,2026-09-26,owner:2026-09-26
Noto,nerd-folder,noto-serif,bundle,4,hand,2026-09-26,owner:2026-09-26
noto-fonts-cjk,arch-pkg,noto-serif-cjk,bundle,2,hand,2026-09-26,owner:2026-09-26
fonts-noto-cjk,deb-pkg,noto-serif-cjk,bundle,2,hand,2026-09-26,owner:2026-09-26
fonts-noto-cjk-extra,deb-pkg,noto-serif-cjk,bundle,2,hand,2026-09-26,owner:2026-09-26
fonts-noto-cjk,deb-src,noto-serif-cjk,bundle,2,hand,2026-09-26,owner:2026-09-26
noto-fonts,arch-pkg,noto-serif-display,bundle,226,hand,2026-09-26,owner:2026-09-26
noto-fonts-extra,arch-pkg,noto-serif-display,bundle,84,hand,2026-09-26,owner:2026-09-26
fonts-noto-core,deb-pkg,noto-serif-display,bundle,190,hand,2026-09-26,owner:2026-09-26
fonts-noto-extra,deb-pkg,noto-serif-display,bundle,67,hand,2026-09-26,owner:2026-09-26
nuosu,gf-dir,nuosu-sil,rename,,gf_history,2026-09-26,auto:gf_history_rename
Nuosu,gf-family,nuosu-sil,rename,,gf_history,2026-09-26,auto:gf_history_rename
lauridskern/open-runde/OpenRunde.zip,gh-asset,open-runde,package,,github_repos,2026-09-26,owner:2026-09-26
Open Sans Condensed,font-name,open-sans,build,static,name_tables,2026-09-26,owner:2026-09-26
OpenDyslexic Nerd Font,font-name,opendyslexic,build,nerd,nerd,2026-09-26,auto:nerd_unpatched
OpenDyslexic Nerd Font Mono,font-name,opendyslexic,build,nfm,nerd,2026-09-26,auto:nerd_unpatched
OpenDyslexic Nerd Font Propo,font-name,opendyslexic,build,propo,nerd,2026-09-26,auto:nerd_unpatched
OpenDyslexic NF,font-name,opendyslexic,build,nf,nerd,2026-09-26,auto:nerd_unpatched
OpenDyslexic NFM,font-name,opendyslexic,build,nfm,nerd,2026-09-26,auto:nerd_unpatched
OpenDyslexic NFP,font-name,opendyslexic,build,nfp,nerd,2026-09-26,auto:nerd_unpatched
antijingoist/opendyslexic/opendyslexic-alpha.zip,gh-asset,opendyslexic,package,,github_repos,2026-09-26,owner:2026-09-26
antijingoist/opendyslexic/opendyslexic-beta.zip,gh-asset,opendyslexic,package,,github_repos,2026-09-26,owner:2026-09-26
antijingoist/opendyslexic/opendyslexic-rc1.zip,gh-asset,opendyslexic,package,,github_repos,2026-09-26,owner:2026-09-26
antijingoist/opendyslexic/opendyslexic-rc2.zip,gh-asset,opendyslexic,package,,github_repos,2026-09-26,owner:2026-09-26
ostrich-sans-dashed,fs-id,ostrich-sans,build,,fontsource_legacy,2026-09-26,owner:2026-09-26
ostrich-sans-inline,fs-id,ostrich-sans,build,,fontsource_legacy,2026-09-26,owner:2026-09-26
ostrich-sans-rounded,fs-id,ostrich-sans,build,,fontsource_legacy,2026-09-26,owner:2026-09-26
@fontsource/ostrich-sans-dashed,npm,ostrich-sans,build,,fontsource_legacy,2026-09-26,owner:2026-09-26
@fontsource/ostrich-sans-inline,npm,ostrich-sans,build,,fontsource_legacy,2026-09-26,owner:2026-09-26
@fontsource/ostrich-sans-rounded,npm,ostrich-sans,build,,fontsource_legacy,2026-09-26,owner:2026-09-26
Overpass Nerd Font,font-name,overpass,build,nerd,nerd,2026-09-26,auto:nerd_unpatched
Overpass Nerd Font Mono,font-name,overpass,build,nfm,nerd,2026-09-26,auto:nerd_unpatched
Overpass Nerd Font Propo,font-name,overpass,build,propo,nerd,2026-09-26,auto:nerd_unpatched
Overpass NF,font-name,overpass,build,nf,nerd,2026-09-26,auto:nerd_unpatched
Overpass NFM,font-name,overpass,build,nfm,nerd,2026-09-26,auto:nerd_unpatched
Overpass NFP,font-name,overpass,build,nfp,nerd,2026-09-26,auto:nerd_unpatched
RedHatOfficial/Overpass/overpass.zip,gh-asset,overpass,bundle,,github_repos,2026-09-26,owner:2026-09-26
RedHatOfficial/Overpass/overpass-desktop-fonts.zip,gh-asset,overpass,bundle,,github_repos,2026-09-26,owner:2026-09-26
RedHatOfficial/Overpass/overpass-webfonts.zip,gh-asset,overpass,bundle,,github_repos,2026-09-26,owner:2026-09-26
RedHatOfficial/Overpass/overpass.tar.gz,gh-asset,overpass,package,,github_repos,2026-09-26,owner:2026-09-26
RedHatOfficial/Overpass/overpass-fonts-1.fc23.noarch.rpm,gh-asset,overpass,package,,github_repos,2026-09-26,owner:2026-09-26
RedHatOfficial/Overpass/overpass-fonts-ttf.zip,gh-asset,overpass,package,,github_repos,2026-09-26,owner:2026-09-26
RedHatOfficial/Overpass/overpass-fonts-ttf-2.zip,gh-asset,overpass,package,,github_repos,2026-09-26,owner:2026-09-26
RedHatOfficial/Overpass/overpass-fonts-web-fonts.zip,gh-asset,overpass,package,,github_repos,2026-09-26,owner:2026-09-26
RedHatOfficial/Overpass/overpass.zip,gh-asset,overpass-mono,bundle,,github_repos,2026-09-26,owner:2026-09-26
RedHatOfficial/Overpass/overpass-desktop-fonts.zip,gh-asset,overpass-mono,bundle,,github_repos,2026-09-26,owner:2026-09-26
RedHatOfficial/Overpass/overpass-webfonts.zip,gh-asset,overpass-mono,bundle,,github_repos,2026-09-26,owner:2026-09-26
font-plemol-jp-nf,brew-cask,plemoljp,build,nf,hand,2026-09-26,owner:2026-09-26
ProFont Nerd Font,font-name,profont,build,nerd,nerd,2026-09-26,auto:nerd_unpatched
ProFont Nerd Font Mono,font-name,profont,build,nfm,nerd,2026-09-26,auto:nerd_unpatched
ProFont Nerd Font Propo,font-name,profont,build,propo,nerd,2026-09-26,auto:nerd_unpatched
ProFont NF,font-name,profont,build,nf,nerd,2026-09-26,auto:nerd_unpatched
ProFont NFM,font-name,profont,build,nfm,nerd,2026-09-26,auto:nerd_unpatched
ProFont NFP,font-name,profont,build,nfp,nerd,2026-09-26,auto:nerd_unpatched
ttf-proggyclean-nerd,arch-pkg,proggyclean,build,nerd,distro,2026-09-26,owner:2026-09-26
ProggyClean Nerd Font,font-name,proggyclean,build,nerd,nerd,2026-09-26,auto:nerd_unpatched
ProggyClean Nerd Font Mono,font-name,proggyclean,build,nfm,nerd,2026-09-26,auto:nerd_unpatched
ProggyClean Nerd Font Propo,font-name,proggyclean,build,propo,nerd,2026-09-26,auto:nerd_unpatched
ProggyClean NF,font-name,proggyclean,build,nf,nerd,2026-09-26,auto:nerd_unpatched
ProggyClean NFM,font-name,proggyclean,build,nfm,nerd,2026-09-26,auto:nerd_unpatched
ProggyClean NFP,font-name,proggyclean,build,nfp,nerd,2026-09-26,auto:nerd_unpatched
ProggyClean,font-name,proggyclean,rename,display,hand,2026-09-26,owner:2026-09-26
ProggyCleanTT,font-name,proggyclean,rename,,hand,2026-09-26,owner:2026-09-26
uswds/public-sans/public-sans.zip,gh-asset,public-sans,package,,github_repos,2026-09-26,owner:2026-09-26
RecMono,font-name,recursive,build,nerd,nerd,2026-09-26,auto:nerd_unpatched
RecMono Nerd Font,font-name,recursive,build,nerd,nerd,2026-09-26,auto:nerd_unpatched
RecMono Nerd Font Mono,font-name,recursive,build,nfm,nerd,2026-09-26,auto:nerd_unpatched
RecMono Nerd Font Propo,font-name,recursive,build,propo,nerd,2026-09-26,auto:nerd_unpatched
RecMono NF,font-name,recursive,build,nf,nerd,2026-09-26,auto:nerd_unpatched
RecMono NFM,font-name,recursive,build,nfm,nerd,2026-09-26,auto:nerd_unpatched
RecMono NFP,font-name,recursive,build,nfp,nerd,2026-09-26,auto:nerd_unpatched
arrowtype/recursive/ArrowType-Recursive.zip,gh-asset,recursive,package,,github_repos,2026-09-26,owner:2026-09-26
arrowtype/recursive/Recursive.zip,gh-asset,recursive,package,,github_repos,2026-09-26,owner:2026-09-26
arrowtype/recursive/Recursive-Beta.zip,gh-asset,recursive,package,,github_repos,2026-09-26,owner:2026-09-26
ttf-roboto,arch-pkg,roboto,bundle,2,hand,2026-09-26,owner:2026-09-26
fonts-roboto-fontface,deb-pkg,roboto,bundle,2,hand,2026-09-26,owner:2026-09-26
fonts-roboto-hinted,deb-pkg,roboto,bundle,2,hand,2026-09-26,owner:2026-09-26
fonts-roboto-unhinted,deb-pkg,roboto,bundle,2,hand,2026-09-26,owner:2026-09-26
fonts-roboto,deb-src,roboto,bundle,2,hand,2026-09-26,owner:2026-09-26
Roboto Slab,font-name,roboto,distinct,sibling,rule:sibling,2026-09-26,auto:sibling
ttf-roboto,arch-pkg,roboto-condensed,bundle,2,hand,2026-09-26,owner:2026-09-26
fonts-roboto-fontface,deb-pkg,roboto-condensed,bundle,2,hand,2026-09-26,owner:2026-09-26
fonts-roboto-hinted,deb-pkg,roboto-condensed,bundle,2,hand,2026-09-26,owner:2026-09-26
fonts-roboto-unhinted,deb-pkg,roboto-condensed,bundle,2,hand,2026-09-26,owner:2026-09-26
fonts-roboto,deb-src,roboto-condensed,bundle,2,hand,2026-09-26,owner:2026-09-26
ttf-roboto-mono-nerd,arch-pkg,roboto-mono,build,nerd,distro+oldlib,2026-09-26,owner:2026-09-26
RobotoMono Nerd Font,font-name,roboto-mono,build,nerd,nerd,2026-09-26,auto:nerd_unpatched
RobotoMono Nerd Font Mono,font-name,roboto-mono,build,nfm,nerd,2026-09-26,auto:nerd_unpatched
RobotoMono Nerd Font Propo,font-name,roboto-mono,build,propo,nerd,2026-09-26,auto:nerd_unpatched
RobotoMono NF,font-name,roboto-mono,build,nf,nerd,2026-09-26,auto:nerd_unpatched
RobotoMono NFM,font-name,roboto-mono,build,nfm,nerd,2026-09-26,auto:nerd_unpatched
RobotoMono NFP,font-name,roboto-mono,build,nfp,nerd,2026-09-26,auto:nerd_unpatched
ttf-roboto-mono,arch-pkg,roboto-mono,package,,distro+oldlib,2026-09-26,owner:2026-09-26
Roboto,font-name,roboto-slab,distinct,,rule:sibling,2026-09-26,auto:sibling
fonts-roboto-slab,deb-pkg,roboto-slab,package,,distro+oldlib,2026-09-26,owner:2026-09-26
fonts-roboto-slab,deb-src,roboto-slab,package,,distro,2026-09-26,owner:2026-09-26
Saira Stencil One,gf-family,saira-stencil,rename,,gf_history,2026-09-26,owner:2026-09-26
oppiliappan/scientifica/scientifica.tar,gh-asset,scientifica,package,,github_repos,2026-09-26,owner:2026-09-26
oppiliappan/scientifica/scientifica.tar.gz,gh-asset,scientifica,package,,github_repos,2026-09-26,owner:2026-09-26
oppiliappan/scientifica/scientifica-doubled.tar.gz,gh-asset,scientifica,package,,github_repos,2026-09-26,owner:2026-09-26
arrowtype/shantell-sans/Shantell_Sans.zip,gh-asset,shantell-sans,package,,github_repos,2026-09-26,owner:2026-09-26
arrowtype/shantell-sans/shantell_sans-for-googlefonts.zip,gh-asset,shantell-sans,package,,github_repos,2026-09-26,owner:2026-09-26
ShureTechMono,font-name,share-tech-mono,build,nerd,nerd,2026-09-26,auto:nerd_unpatched
ShureTechMono Nerd Font,font-name,share-tech-mono,build,nerd,nerd,2026-09-26,auto:nerd_unpatched
ShureTechMono Nerd Font Mono,font-name,share-tech-mono,build,nfm,nerd,2026-09-26,auto:nerd_unpatched
ShureTechMono Nerd Font Propo,font-name,share-tech-mono,build,propo,nerd,2026-09-26,auto:nerd_unpatched
ShureTechMono NF,font-name,share-tech-mono,build,nf,nerd,2026-09-26,auto:nerd_unpatched
ShureTechMono NFM,font-name,share-tech-mono,build,nfm,nerd,2026-09-26,auto:nerd_unpatched
ShureTechMono NFP,font-name,share-tech-mono,build,nfp,nerd,2026-09-26,auto:nerd_unpatched
SauceCodePro,font-name,source-code-pro,build,nerd,nerd,2026-09-26,auto:nerd_unpatched
SauceCodePro Nerd Font,font-name,source-code-pro,build,nerd,nerd,2026-09-26,auto:nerd_unpatched
SauceCodePro Nerd Font Mono,font-name,source-code-pro,build,nfm,nerd,2026-09-26,auto:nerd_unpatched
SauceCodePro Nerd Font Propo,font-name,source-code-pro,build,propo,nerd,2026-09-26,auto:nerd_unpatched
SauceCodePro NF,font-name,source-code-pro,build,nf,nerd,2026-09-26,auto:nerd_unpatched
SauceCodePro NFM,font-name,source-code-pro,build,nfm,nerd,2026-09-26,auto:nerd_unpatched
SauceCodePro NFP,font-name,source-code-pro,build,nfp,nerd,2026-09-26,auto:nerd_unpatched
adobe-source-code-pro-fonts,arch-pkg,source-code-pro,package,,oldlib,2026-09-26,owner:2026-09-26
adobe-fonts/source-code-pro/OTF-source-code-pro.zip,gh-asset,source-code-pro,package,,github_repos,2026-09-26,owner:2026-09-26
adobe-fonts/source-code-pro/source-code-pro.zip,gh-asset,source-code-pro,package,,github_repos,2026-09-26,owner:2026-09-26
adobe-fonts/source-code-pro/SourceCodeVariable-Italic.otf,gh-asset,source-code-pro,package,,github_repos,2026-09-26,owner:2026-09-26
adobe-fonts/source-code-pro/SourceCodeVariable-Italic.ttf,gh-asset,source-code-pro,package,,github_repos,2026-09-26,owner:2026-09-26
adobe-fonts/source-code-pro/SourceCodeVariable-Roman.otf,gh-asset,source-code-pro,package,,github_repos,2026-09-26,owner:2026-09-26
adobe-fonts/source-code-pro/SourceCodeVariable-Roman.ttf,gh-asset,source-code-pro,package,,github_repos,2026-09-26,owner:2026-09-26
adobe-fonts/source-code-pro/TTF-source-code-pro.zip,gh-asset,source-code-pro,package,,github_repos,2026-09-26,owner:2026-09-26
adobe-fonts/source-code-pro/VAR-source-code-var.zip,gh-asset,source-code-pro,package,,github_repos,2026-09-26,owner:2026-09-26
adobe-fonts/source-code-pro/VF-source-code-VF.zip,gh-asset,source-code-pro,package,,github_repos,2026-09-26,owner:2026-09-26
adobe-fonts/source-code-pro/WOFF2-source-code-pro.zip,gh-asset,source-code-pro,package,,github_repos,2026-09-26,owner:2026-09-26
adobe-fonts/source-code-pro/WOFF-source-code-pro.zip,gh-asset,source-code-pro,package,,github_repos,2026-09-26,owner:2026-09-26
adobe-source-sans-fonts,arch-pkg,source-sans-3,package,,oldlib,2026-09-26,owner:2026-09-26
fonts-adobe-sourcesans3,deb-pkg,source-sans-3,package,,distro+oldlib,2026-09-26,owner:2026-09-26
fonts-adobe-sourcesans3,deb-src,source-sans-3,package,,distro,2026-09-26,owner:2026-09-26
adobe-fonts/source-sans/OTF-source-sans.zip,gh-asset,source-sans-3,package,,github_repos,2026-09-26,owner:2026-09-26
adobe-fonts/source-sans/source-sans.zip,gh-asset,source-sans-3,package,,github_repos,2026-09-26,owner:2026-09-26
adobe-fonts/source-sans/source-sans-3.zip,gh-asset,source-sans-3,package,,github_repos,2026-09-26,owner:2026-09-26
adobe-fonts/source-sans/source-sans-pro.zip,gh-asset,source-sans-3,package,,github_repos,2026-09-26,owner:2026-09-26
adobe-fonts/source-sans/SourceSansVariable-Italic.otf,gh-asset,source-sans-3,package,,github_repos,2026-09-26,owner:2026-09-26
adobe-fonts/source-sans/SourceSansVariable-Italic.ttf,gh-asset,source-sans-3,package,,github_repos,2026-09-26,owner:2026-09-26
adobe-fonts/source-sans/SourceSansVariable-Roman.otf,gh-asset,source-sans-3,package,,github_repos,2026-09-26,owner:2026-09-26
adobe-fonts/source-sans/SourceSansVariable-Roman.ttf,gh-asset,source-sans-3,package,,github_repos,2026-09-26,owner:2026-09-26
adobe-fonts/source-sans/TTF-source-sans.zip,gh-asset,source-sans-3,package,,github_repos,2026-09-26,owner:2026-09-26
adobe-fonts/source-sans/VAR-source-sans.zip,gh-asset,source-sans-3,package,,github_repos,2026-09-26,owner:2026-09-26
adobe-fonts/source-sans/VF-source-sans.zip,gh-asset,source-sans-3,package,,github_repos,2026-09-26,owner:2026-09-26
adobe-fonts/source-sans/WOFF2-source-sans.zip,gh-asset,source-sans-3,package,,github_repos,2026-09-26,owner:2026-09-26
adobe-fonts/source-sans/WOFF-source-sans.zip,gh-asset,source-sans-3,package,,github_repos,2026-09-26,owner:2026-09-26
@fontsource/source-sans-pro,npm,source-sans-3,package,,fontsource_legacy,2026-09-26,owner:2026-09-26
Source Sans Pro,font-name,source-sans-3,rename,,oldlib,2026-09-26,owner:2026-09-26
source-sans-pro,fs-id,source-sans-3,rename,,fontsource_legacy,2026-09-26,owner:2026-09-26
adobe-source-serif-fonts,arch-pkg,source-serif-4,package,,oldlib,2026-09-26,owner:2026-09-26
adobe-fonts/source-serif/source-serif.zip,gh-asset,source-serif-4,package,,github_repos,2026-09-26,owner:2026-09-26
adobe-fonts/source-serif/source-serif_Desktop.zip,gh-asset,source-serif-4,package,,github_repos,2026-09-26,owner:2026-09-26
adobe-fonts/source-serif/source-serif-pro.zip,gh-asset,source-serif-4,package,,github_repos,2026-09-26,owner:2026-09-26
adobe-fonts/source-serif/SourceSerifVariable-Roman.otf,gh-asset,source-serif-4,package,,github_repos,2026-09-26,owner:2026-09-26
adobe-fonts/source-serif/SourceSerifVariable-Roman.ttf,gh-asset,source-serif-4,package,,github_repos,2026-09-26,owner:2026-09-26
adobe-fonts/source-serif/source-serif_WOFF.zip,gh-asset,source-serif-4,package,,github_repos,2026-09-26,owner:2026-09-26
adobe-fonts/source-serif/source-serif_WOFF2.zip,gh-asset,source-serif-4,package,,github_repos,2026-09-26,owner:2026-09-26
@fontsource/source-serif-pro,npm,source-serif-4,package,,fontsource_legacy,2026-09-26,owner:2026-09-26
source-serif-pro,fs-id,source-serif-4,rename,,fontsource_legacy,2026-09-26,owner:2026-09-26
SpaceMono Nerd Font,font-name,space-mono,build,nerd,nerd,2026-09-26,auto:nerd_unpatched
SpaceMono Nerd Font Mono,font-name,space-mono,build,nfm,nerd,2026-09-26,auto:nerd_unpatched
SpaceMono Nerd Font Propo,font-name,space-mono,build,propo,nerd,2026-09-26,auto:nerd_unpatched
SpaceMono NF,font-name,space-mono,build,nf,nerd,2026-09-26,auto:nerd_unpatched
SpaceMono NFM,font-name,space-mono,build,nfm,nerd,2026-09-26,auto:nerd_unpatched
SpaceMono NFP,font-name,space-mono,build,nfp,nerd,2026-09-26,auto:nerd_unpatched
fcambus/spleen/spleen.tar.gz,gh-asset,spleen,package,,github_repos,2026-09-26,owner:2026-09-26
jenskutilek/sudo-font/fonts-sudo-1_all.deb,gh-asset,sudo,package,,github_repos,2026-09-26,owner:2026-09-26
jenskutilek/sudo-font/sudo.zip,gh-asset,sudo,package,,github_repos,2026-09-26,owner:2026-09-26
jenskutilek/sudo-font/sudo-font.zip,gh-asset,sudo,package,,github_repos,2026-09-26,owner:2026-09-26
Symbols,font-name,symbols-only,build,nerd,nerd,2026-09-26,auto:nerd_unpatched
Symbols Nerd Font,font-name,symbols-only,build,nerd,nerd,2026-09-26,auto:nerd_unpatched
Symbols Nerd Font Mono,font-name,symbols-only,build,nfm,nerd,2026-09-26,auto:nerd_unpatched
Symbols Nerd Font Propo,font-name,symbols-only,build,propo,nerd,2026-09-26,auto:nerd_unpatched
Symbols NF,font-name,symbols-only,build,nf,nerd,2026-09-26,auto:nerd_unpatched
Symbols NFM,font-name,symbols-only,build,nfm,nerd,2026-09-26,auto:nerd_unpatched
Symbols NFP,font-name,symbols-only,build,nfp,nerd,2026-09-26,auto:nerd_unpatched
Terminess,font-name,terminus,build,nerd,nerd,2026-09-26,auto:nerd_unpatched
Terminess Nerd Font,font-name,terminus,build,nerd,nerd,2026-09-26,auto:nerd_unpatched
Terminess Nerd Font Mono,font-name,terminus,build,nfm,nerd,2026-09-26,auto:nerd_unpatched
Terminess Nerd Font Propo,font-name,terminus,build,propo,nerd,2026-09-26,auto:nerd_unpatched
Terminess NF,font-name,terminus,build,nf,nerd,2026-09-26,auto:nerd_unpatched
Terminess NFM,font-name,terminus,build,nfm,nerd,2026-09-26,auto:nerd_unpatched
Terminess NFP,font-name,terminus,build,nfp,nerd,2026-09-26,auto:nerd_unpatched
Tinos Nerd Font,font-name,tinos,build,nerd,nerd,2026-09-26,auto:nerd_unpatched
Tinos Nerd Font Mono,font-name,tinos,build,nfm,nerd,2026-09-26,auto:nerd_unpatched
Tinos Nerd Font Propo,font-name,tinos,build,propo,nerd,2026-09-26,auto:nerd_unpatched
Tinos NF,font-name,tinos,build,nf,nerd,2026-09-26,auto:nerd_unpatched
Tinos NFM,font-name,tinos,build,nfm,nerd,2026-09-26,auto:nerd_unpatched
Tinos NFP,font-name,tinos,build,nfp,nerd,2026-09-26,auto:nerd_unpatched
Ubuntu Nerd Font,font-name,ubuntu,build,nerd,nerd,2026-09-26,auto:nerd_unpatched
Ubuntu Nerd Font Mono,font-name,ubuntu,build,nfm,nerd,2026-09-26,auto:nerd_unpatched
Ubuntu Nerd Font Propo,font-name,ubuntu,build,propo,nerd,2026-09-26,auto:nerd_unpatched
Ubuntu NF,font-name,ubuntu,build,nf,nerd,2026-09-26,auto:nerd_unpatched
Ubuntu NFM,font-name,ubuntu,build,nfm,nerd,2026-09-26,auto:nerd_unpatched
Ubuntu NFP,font-name,ubuntu,build,nfp,nerd,2026-09-26,auto:nerd_unpatched
font-ubuntu-condensed,brew-cask,ubuntu,distinct,rejected,oldlib,2026-09-26,owner:2026-09-26
UbuntuMono Nerd Font,font-name,ubuntu-mono,build,nerd,nerd,2026-09-26,auto:nerd_unpatched
UbuntuMono Nerd Font Mono,font-name,ubuntu-mono,build,nfm,nerd,2026-09-26,auto:nerd_unpatched
UbuntuMono Nerd Font Propo,font-name,ubuntu-mono,build,propo,nerd,2026-09-26,auto:nerd_unpatched
UbuntuMono NF,font-name,ubuntu-mono,build,nf,nerd,2026-09-26,auto:nerd_unpatched
UbuntuMono NFM,font-name,ubuntu-mono,build,nfm,nerd,2026-09-26,auto:nerd_unpatched
UbuntuMono NFP,font-name,ubuntu-mono,build,nfp,nerd,2026-09-26,auto:nerd_unpatched
UbuntuSans Nerd Font,font-name,ubuntu-sans,build,nerd,nerd,2026-09-26,auto:nerd_unpatched
UbuntuSans Nerd Font Mono,font-name,ubuntu-sans,build,nfm,nerd,2026-09-26,auto:nerd_unpatched
UbuntuSans Nerd Font Propo,font-name,ubuntu-sans,build,propo,nerd,2026-09-26,auto:nerd_unpatched
UbuntuSans NF,font-name,ubuntu-sans,build,nf,nerd,2026-09-26,auto:nerd_unpatched
UbuntuSans NFM,font-name,ubuntu-sans,build,nfm,nerd,2026-09-26,auto:nerd_unpatched
UbuntuSans NFP,font-name,ubuntu-sans,build,nfp,nerd,2026-09-26,auto:nerd_unpatched
canonical/Ubuntu-Sans-fonts/Ubuntu-fonts.zip,gh-asset,ubuntu-sans,package,,github_repos,2026-09-26,owner:2026-09-26
canonical/Ubuntu-Sans-fonts/UbuntuSans-fonts.zip,gh-asset,ubuntu-sans,package,,github_repos,2026-09-26,owner:2026-09-26
canonical/Ubuntu-Sans-Mono-fonts/UbuntuMono-fonts.zip,gh-asset,ubuntu-sans-mono,package,,github_repos,2026-09-26,owner:2026-09-26
canonical/Ubuntu-Sans-Mono-fonts/UbuntuMono-fonts-fonts.zip,gh-asset,ubuntu-sans-mono,package,,github_repos,2026-09-26,owner:2026-09-26
canonical/Ubuntu-Sans-Mono-fonts/Ubuntu-Sans-Mono-fonts.zip,gh-asset,ubuntu-sans-mono,package,,github_repos,2026-09-26,owner:2026-09-26
canonical/Ubuntu-Sans-Mono-fonts/Ubuntu-Sans-Mono-fonts-fonts.zip,gh-asset,ubuntu-sans-mono,package,,github_repos,2026-09-26,owner:2026-09-26
ddcuchen,gf-dir,uchen,rename,,gf_history,2026-09-26,auto:gf_history_rename
DDC Uchen,gf-family,uchen,rename,,gf_history,2026-09-26,auto:gf_history_rename
font-udev-gothic-nf,brew-cask,udev-gothic,build,nf,hand,2026-09-26,owner:2026-09-26
kaspernordkvist/uncut_sans/Uncut-Sans.zip,gh-asset,uncut-sans,package,,github_repos,2026-09-26,owner:2026-09-26
@fontsource/vazir,npm,vazirmatn,package,,fontsource_legacy,2026-09-26,owner:2026-09-26
vazir,fs-id,vazirmatn,rename,,fontsource_legacy,2026-09-26,owner:2026-09-26
VictorMono Nerd Font,font-name,victor-mono,build,nerd,nerd,2026-09-26,auto:nerd_unpatched
VictorMono Nerd Font Mono,font-name,victor-mono,build,nfm,nerd,2026-09-26,auto:nerd_unpatched
VictorMono Nerd Font Propo,font-name,victor-mono,build,propo,nerd,2026-09-26,auto:nerd_unpatched
VictorMono NF,font-name,victor-mono,build,nf,nerd,2026-09-26,auto:nerd_unpatched
VictorMono NFM,font-name,victor-mono,build,nfm,nerd,2026-09-26,auto:nerd_unpatched
VictorMono NFP,font-name,victor-mono,build,nfp,nerd,2026-09-26,auto:nerd_unpatched
wdxllubrifontjp,gf-dir,wdxl-lubrifont-jp-n,rename,,gf_history,2026-09-26,auto:gf_history_rename
xllubrifontjp,gf-dir,wdxl-lubrifont-jp-n,rename,,gf_history,2026-09-26,auto:gf_history_rename
xllubrifontjpn,gf-dir,wdxl-lubrifont-jp-n,rename,,gf_history,2026-09-26,auto:gf_history_rename
xllubrifontsc,gf-dir,wdxl-lubrifont-sc,rename,,gf_history,2026-09-26,auto:gf_history_rename
xllubrifonttc,gf-dir,wdxl-lubrifont-tc,rename,,gf_history,2026-09-26,auto:gf_history_rename
ZedMono Nerd Font,font-name,zed-mono,build,nerd,nerd,2026-09-26,auto:nerd_unpatched
ZedMono Nerd Font Mono,font-name,zed-mono,build,nfm,nerd,2026-09-26,auto:nerd_unpatched
ZedMono Nerd Font Propo,font-name,zed-mono,build,propo,nerd,2026-09-26,auto:nerd_unpatched
ZedMono NF,font-name,zed-mono,build,nf,nerd,2026-09-26,auto:nerd_unpatched
ZedMono NFM,font-name,zed-mono,build,nfm,nerd,2026-09-26,auto:nerd_unpatched
ZedMono NFP,font-name,zed-mono,build,nfp,nerd,2026-09-26,auto:nerd_unpatched
zed-industries/zed-fonts/zed-app-fonts.zip,gh-asset,zed-mono,bundle,,github_repos,2026-09-26,owner:2026-09-26
zed-industries/zed-fonts/zed-mono.zip,gh-asset,zed-mono,package,,github_repos,2026-09-26,owner:2026-09-26
zed-industries/zed-fonts/zed-app-fonts.zip,gh-asset,zed-sans,bundle,,github_repos,2026-09-26,owner:2026-09-26
zed-industries/zed-fonts/zed-sans.zip,gh-asset,zed-sans,package,,github_repos,2026-09-26,owner:2026-09-26
